-- phpMyAdmin SQL Dump
-- version 5.1.1
-- https://www.phpmyadmin.net/
--
-- Host: 127.0.0.1
-- Generation Time: Oct 02, 2021 at 09:13 AM
-- Server version: 10.4.20-MariaDB
-- PHP Version: 7.4.22

SET SQL_MODE = "NO_AUTO_VALUE_ON_ZERO";
START TRANSACTION;
SET time_zone = "+00:00";


/*!40101 SET @OLD_CHARACTER_SET_CLIENT=@@CHARACTER_SET_CLIENT */;
/*!40101 SET @OLD_CHARACTER_SET_RESULTS=@@CHARACTER_SET_RESULTS */;
/*!40101 SET @OLD_COLLATION_CONNECTION=@@COLLATION_CONNECTION */;
/*!40101 SET NAMES utf8mb4 */;

--
-- Database: `ecommerceapi`
--

-- --------------------------------------------------------

--
-- Table structure for table `failed_jobs`
--

CREATE TABLE `failed_jobs` (
  `id` bigint(20) UNSIGNED NOT NULL,
  `uuid` varchar(255) COLLATE utf8mb4_unicode_ci NOT NULL,
  `connection` text COLLATE utf8mb4_unicode_ci NOT NULL,
  `queue` text COLLATE utf8mb4_unicode_ci NOT NULL,
  `payload` longtext COLLATE utf8mb4_unicode_ci NOT NULL,
  `exception` longtext COLLATE utf8mb4_unicode_ci NOT NULL,
  `failed_at` timestamp NOT NULL DEFAULT current_timestamp()
) ENGINE=InnoDB DEFAULT CHARSET=utf8mb4 COLLATE=utf8mb4_unicode_ci;

-- --------------------------------------------------------

--
-- Table structure for table `migrations`
--

CREATE TABLE `migrations` (
  `id` int(10) UNSIGNED NOT NULL,
  `migration` varchar(255) COLLATE utf8mb4_unicode_ci NOT NULL,
  `batch` int(11) NOT NULL
) ENGINE=InnoDB DEFAULT CHARSET=utf8mb4 COLLATE=utf8mb4_unicode_ci;

--
-- Dumping data for table `migrations`
--

INSERT INTO `migrations` (`id`, `migration`, `batch`) VALUES
(7, '2014_10_12_000000_create_users_table', 1),
(8, '2014_10_12_100000_create_password_resets_table', 1),
(9, '2019_08_19_000000_create_failed_jobs_table', 1),
(10, '2019_12_14_000001_create_personal_access_tokens_table', 1),
(11, '2021_09_26_173910_create_products_table', 1),
(12, '2021_09_26_174028_create_reviews_table', 1);

-- --------------------------------------------------------

--
-- Table structure for table `password_resets`
--

CREATE TABLE `password_resets` (
  `email` varchar(255) COLLATE utf8mb4_unicode_ci NOT NULL,
  `token` varchar(255) COLLATE utf8mb4_unicode_ci NOT NULL,
  `created_at` timestamp NULL DEFAULT NULL
) ENGINE=InnoDB DEFAULT CHARSET=utf8mb4 COLLATE=utf8mb4_unicode_ci;

-- --------------------------------------------------------

--
-- Table structure for table `personal_access_tokens`
--

CREATE TABLE `personal_access_tokens` (
  `id` bigint(20) UNSIGNED NOT NULL,
  `tokenable_type` varchar(255) COLLATE utf8mb4_unicode_ci NOT NULL,
  `tokenable_id` bigint(20) UNSIGNED NOT NULL,
  `name` varchar(255) COLLATE utf8mb4_unicode_ci NOT NULL,
  `token` varchar(64) COLLATE utf8mb4_unicode_ci NOT NULL,
  `abilities` text COLLATE utf8mb4_unicode_ci DEFAULT NULL,
  `last_used_at` timestamp NULL DEFAULT NULL,
  `created_at` timestamp NULL DEFAULT NULL,
  `updated_at` timestamp NULL DEFAULT NULL
) ENGINE=InnoDB DEFAULT CHARSET=utf8mb4 COLLATE=utf8mb4_unicode_ci;

-- --------------------------------------------------------

--
-- Table structure for table `products`
--

CREATE TABLE `products` (
  `id` bigint(20) UNSIGNED NOT NULL,
  `name` varchar(255) COLLATE utf8mb4_unicode_ci NOT NULL,
  `detail` varchar(255) COLLATE utf8mb4_unicode_ci NOT NULL,
  `price` varchar(255) COLLATE utf8mb4_unicode_ci NOT NULL,
  `stock` varchar(255) COLLATE utf8mb4_unicode_ci NOT NULL,
  `discount` varchar(255) COLLATE utf8mb4_unicode_ci NOT NULL,
  `created_at` timestamp NULL DEFAULT NULL,
  `updated_at` timestamp NULL DEFAULT NULL
) ENGINE=InnoDB DEFAULT CHARSET=utf8mb4 COLLATE=utf8mb4_unicode_ci;

--
-- Dumping data for table `products`
--

INSERT INTO `products` (`id`, `name`, `detail`, `price`, `stock`, `discount`, `created_at`, `updated_at`) VALUES
(1, 'aspernatur', 'Perferendis facilis laboriosam nesciunt et dolores. Aperiam occaecati aperiam perferendis odio tenetur dolorem hic dolorem. Rem tenetur natus animi qui.', '353', '7', '2', '2021-09-28 02:35:43', '2021-09-28 02:35:43'),
(2, 'at', 'Voluptatibus aperiam excepturi maxime accusantium et quia sed. Excepturi eveniet qui saepe temporibus. Quo magni nostrum eius autem maiores.', '283', '0', '18', '2021-09-28 02:35:43', '2021-09-28 02:35:43'),
(3, 'nihil', 'Neque eum qui sed et non cupiditate. Iusto reprehenderit explicabo rerum in ea iusto voluptas consequatur. Dolore atque animi excepturi ea.', '387', '9', '25', '2021-09-28 02:35:44', '2021-09-28 02:35:44'),
(4, 'qui', 'Architecto nihil qui non ullam. Quam quasi natus qui omnis. Porro et qui et non est. Sequi quo quos deleniti saepe perspiciatis officiis ut est.', '222', '8', '15', '2021-09-28 02:35:44', '2021-09-28 02:35:44'),
(5, 'ut', 'In eos qui ad. Modi rerum quia minus in. Repudiandae esse maiores eum veritatis ex.', '943', '8', '27', '2021-09-28 02:35:44', '2021-09-28 02:35:44'),
(6, 'fugit', 'Iusto magni porro autem libero. Id dicta dolorem consequatur fugiat. Nesciunt quidem ducimus veniam. Voluptatem et rem neque necessitatibus in numquam.', '201', '8', '17', '2021-09-28 02:35:44', '2021-09-28 02:35:44'),
(7, 'dolorem', 'Perspiciatis praesentium labore doloribus. Nisi et molestiae nobis saepe explicabo. Doloremque quia tenetur ut non veritatis eum. Consequatur quia non repellat sint error eos officia incidunt.', '181', '0', '11', '2021-09-28 02:35:44', '2021-09-28 02:35:44'),
(8, 'ducimus', 'Id possimus repellendus harum. Laudantium quia dolor qui. Corporis incidunt rerum est. Rerum sed quod neque praesentium eum et enim.', '603', '1', '17', '2021-09-28 02:35:44', '2021-09-28 02:35:44'),
(9, 'possimus', 'Esse omnis sit eum in est vero dolorem. Voluptates sint dolore dicta veritatis porro tempore illo et. Consequatur qui possimus voluptatem totam sed laborum.', '335', '3', '9', '2021-09-28 02:35:44', '2021-09-28 02:35:44'),
(10, 'odio', 'Ut reprehenderit labore animi sint labore tempore fugit reprehenderit. Consectetur assumenda amet fuga molestiae. Voluptas assumenda eos fugiat quis. Itaque quia impedit et qui alias ea numquam sint.', '632', '5', '29', '2021-09-28 02:35:44', '2021-09-28 02:35:44'),
(11, 'suscipit', 'Minus cupiditate ut non vero labore sequi quaerat. Laboriosam nobis repellendus in odio quis. Tempore fugiat sed expedita.', '459', '5', '4', '2021-09-28 02:35:44', '2021-09-28 02:35:44'),
(12, 'aliquam', 'Et porro provident iste consequatur voluptatum qui explicabo. Sed labore voluptatem vero autem itaque dolor. Quas nobis praesentium ex.', '827', '1', '16', '2021-09-28 02:35:44', '2021-09-28 02:35:44'),
(13, 'rerum', 'Dolores qui voluptatem rerum ab voluptates sequi est sed. Et illum quae sit quia deserunt omnis expedita. Repudiandae a laborum et aut neque.', '996', '8', '14', '2021-09-28 02:35:44', '2021-09-28 02:35:44'),
(14, 'eaque', 'Nihil velit placeat modi atque architecto et rerum. Omnis quis id similique neque qui. Labore consequuntur temporibus voluptatem aliquid qui. Aliquam laudantium occaecati odit ex quam nesciunt.', '788', '8', '18', '2021-09-28 02:35:44', '2021-09-28 02:35:44'),
(15, 'accusantium', 'Quidem sint facilis aut reprehenderit qui et. Explicabo quasi dolorum quidem aut. Eos assumenda occaecati autem neque. Eum libero qui dolorum modi.', '917', '3', '23', '2021-09-28 02:35:44', '2021-09-28 02:35:44'),
(16, 'repellat', 'Aut necessitatibus est sed. Voluptate eius recusandae voluptas reiciendis libero. A possimus et nam. Est illum molestias perferendis. Voluptas eos corporis asperiores est quis. Voluptas non unde aut.', '209', '9', '10', '2021-09-28 02:35:45', '2021-09-28 02:35:45'),
(17, 'molestias', 'Fugiat sit beatae voluptatem molestiae nihil tempore libero. Et doloribus recusandae eius hic ut qui autem. Qui omnis pariatur omnis vero.', '875', '9', '14', '2021-09-28 02:35:45', '2021-09-28 02:35:45'),
(18, 'qui', 'Nulla ratione et ducimus dolorem reprehenderit repellat architecto unde. Non amet libero molestiae impedit ipsa et. Eum aspernatur voluptates omnis cupiditate fugit rerum.', '424', '7', '23', '2021-09-28 02:35:45', '2021-09-28 02:35:45'),
(19, 'modi', 'Impedit eos non suscipit ullam. Aut dolore nam nemo soluta iste. Dolor qui sint quo unde. Officiis tempore cum laborum aut corrupti nobis. Quas optio deserunt omnis officiis ratione dolores nam.', '656', '3', '14', '2021-09-28 02:35:45', '2021-09-28 02:35:45'),
(20, 'quae', 'Nisi velit non aspernatur et autem dolorum inventore. Architecto magni fuga aut ullam in porro ut. Sint aut vero laudantium ut iste nostrum repellendus.', '479', '2', '9', '2021-09-28 02:35:45', '2021-09-28 02:35:45'),
(21, 'praesentium', 'Aut odio et laudantium laboriosam tenetur. Quisquam eaque enim repudiandae sit alias quisquam. Qui rerum tenetur voluptatem et officia quae.', '690', '6', '10', '2021-09-28 02:35:45', '2021-09-28 02:35:45'),
(22, 'aut', 'Fugit et molestiae numquam accusamus eos. Nihil ea reprehenderit eum neque. Sint vel est reiciendis ea consectetur. Aut illo dolores harum non provident omnis quis.', '510', '6', '14', '2021-09-28 02:35:45', '2021-09-28 02:35:45'),
(23, 'voluptatibus', 'Dignissimos est quia voluptatum dolorem facere corporis ut praesentium. Provident ullam ut illo rerum. Dicta aut eos vel quisquam. Quaerat itaque magni nobis et mollitia ut odio.', '489', '1', '22', '2021-09-28 02:35:45', '2021-09-28 02:35:45'),
(24, 'commodi', 'Enim eaque eaque illum fugit. Inventore et doloribus culpa consectetur eum. Impedit aut sed et aspernatur fugiat.', '805', '0', '16', '2021-09-28 02:35:45', '2021-09-28 02:35:45'),
(25, 'laborum', 'Suscipit voluptatum totam itaque temporibus quia natus aut quasi. Ipsa quae minus neque repellendus nostrum mollitia reprehenderit. Recusandae qui ipsum possimus voluptatum.', '931', '6', '2', '2021-09-28 02:35:45', '2021-09-28 02:35:45'),
(26, 'itaque', 'Saepe non voluptatem architecto necessitatibus consequatur dolores. Omnis beatae ea ut unde officia quia voluptatem.', '616', '7', '2', '2021-09-28 02:35:45', '2021-09-28 02:35:45'),
(27, 'nulla', 'Qui ut quidem libero ut debitis est consequatur. Ipsam aut nesciunt voluptatibus voluptatum id et. Harum aut natus quas quam. Autem aut mollitia quae dolorum distinctio illum quasi nemo.', '983', '7', '16', '2021-09-28 02:35:45', '2021-09-28 02:35:45'),
(28, 'non', 'In aut facere iusto occaecati placeat dicta. Id et alias voluptates magnam. Dicta et perspiciatis tempora rem veniam.', '577', '6', '26', '2021-09-28 02:35:45', '2021-09-28 02:35:45'),
(29, 'corporis', 'Quod voluptatibus culpa sit dolore nesciunt. Quos harum tempora earum nemo exercitationem iusto saepe.', '995', '5', '13', '2021-09-28 02:35:45', '2021-09-28 02:35:45'),
(30, 'ipsa', 'Fugit labore qui quo optio est voluptates ut. Est qui sed libero et. Voluptatem eveniet atque assumenda a quae reiciendis. Animi explicabo adipisci qui doloribus quia laborum consequatur fugiat.', '993', '0', '7', '2021-09-28 02:35:45', '2021-09-28 02:35:45'),
(31, 'cumque', 'Et deserunt odit et doloremque. Facere in omnis et quisquam deleniti. Laudantium vel nulla rerum exercitationem. Non dolor autem laboriosam amet assumenda tempore.', '697', '2', '14', '2021-09-28 02:35:45', '2021-09-28 02:35:45'),
(32, 'distinctio', 'Eius totam dicta earum libero dolores. Quo reprehenderit esse id quasi deleniti quidem animi et. A ea laboriosam veniam. Voluptas beatae et nihil.', '456', '7', '18', '2021-09-28 02:35:45', '2021-09-28 02:35:45'),
(33, 'non', 'Nobis magnam sapiente architecto vero. Dolorem aliquid dolorem ut quae quia. Commodi et et recusandae ea labore. Rem modi itaque ipsa omnis et exercitationem quibusdam.', '380', '4', '18', '2021-09-28 02:35:46', '2021-09-28 02:35:46'),
(34, 'aut', 'Aliquam illum doloribus rem totam. Dolor nostrum officiis totam reprehenderit.', '536', '3', '8', '2021-09-28 02:35:46', '2021-09-28 02:35:46'),
(35, 'labore', 'Accusamus rerum iure quia dolore et in. Suscipit quidem id quis architecto sunt hic qui. Beatae delectus enim magni incidunt amet.', '664', '1', '25', '2021-09-28 02:35:46', '2021-09-28 02:35:46'),
(36, 'ea', 'Voluptates et ad non temporibus doloremque doloribus qui. Dicta eveniet voluptatum blanditiis a.', '895', '5', '22', '2021-09-28 02:35:46', '2021-09-28 02:35:46'),
(37, 'sunt', 'Officiis blanditiis consequatur numquam. Sit aspernatur omnis sunt. Est eum excepturi est ex error voluptatem rerum. Fuga quia animi quis ipsum.', '247', '1', '10', '2021-09-28 02:35:46', '2021-09-28 02:35:46'),
(38, 'itaque', 'Error cupiditate nulla ea eligendi nihil saepe impedit. Laborum voluptatem voluptas mollitia sit. Voluptatibus est ut ratione minus exercitationem.', '434', '3', '29', '2021-09-28 02:35:46', '2021-09-28 02:35:46'),
(39, 'natus', 'Maxime illum et magni suscipit et rerum. Dicta similique non vero omnis voluptatibus. Aut libero labore est cupiditate exercitationem. Adipisci eos molestiae assumenda voluptatem quam.', '202', '5', '2', '2021-09-28 02:35:46', '2021-09-28 02:35:46'),
(40, 'amet', 'Non dolor voluptatem libero dolorum minima ab. Quo porro ratione dolores perferendis. Nulla est velit dignissimos. Eum omnis sequi est quibusdam quis.', '994', '7', '14', '2021-09-28 02:35:46', '2021-09-28 02:35:46'),
(41, 'consequatur', 'Omnis quasi nihil asperiores ea natus ex ut. Iste quia voluptatem tenetur sapiente est rem. Pariatur esse sunt ea harum.', '345', '0', '2', '2021-09-28 02:35:46', '2021-09-28 02:35:46'),
(42, 'qui', 'Ut nostrum corrupti sint alias in. Dolor qui sit ut et deleniti. Quibusdam voluptate aut dolorem assumenda qui.', '732', '3', '30', '2021-09-28 02:35:46', '2021-09-28 02:35:46'),
(43, 'aut', 'Rerum nihil ullam et aut dolorem ut. Provident sit quo delectus ipsa sequi tempora animi. Doloribus dolor voluptatibus impedit incidunt accusamus.', '744', '5', '14', '2021-09-28 02:35:46', '2021-09-28 02:35:46'),
(44, 'rerum', 'Consectetur quisquam praesentium earum mollitia qui beatae qui. Omnis eum nam corporis voluptatem perferendis. Voluptate alias dolore voluptatem doloremque. Laborum at excepturi nihil qui.', '748', '5', '21', '2021-09-28 02:35:46', '2021-09-28 02:35:46'),
(45, 'praesentium', 'Eaque aut in eum voluptatem. Corporis quo qui reprehenderit harum optio. Expedita consequuntur illum quae inventore quod.', '282', '1', '10', '2021-09-28 02:35:46', '2021-09-28 02:35:46'),
(46, 'omnis', 'Reprehenderit et ipsum sed molestias architecto distinctio sed. Ipsa earum quis vitae excepturi libero. Deleniti sapiente sunt ut modi. Sed dolore deserunt et libero sapiente aliquid officia tempore.', '316', '3', '8', '2021-09-28 02:35:46', '2021-09-28 02:35:46'),
(47, 'aut', 'Et sint repellat quaerat magni rem quia atque. Fugiat assumenda esse facere numquam labore maxime. Dolores delectus quam unde fuga. Ipsam minima eveniet et earum eum harum iste.', '800', '5', '10', '2021-09-28 02:35:46', '2021-09-28 02:35:46'),
(48, 'ad', 'Est blanditiis incidunt quisquam et veritatis. Ipsam quaerat et repudiandae praesentium. Iure reprehenderit est totam et.', '822', '6', '17', '2021-09-28 02:35:46', '2021-09-28 02:35:46'),
(49, 'magni', 'Distinctio iste tenetur ipsum vel amet. Et et ipsam vel. Sunt ea eius rem quasi deserunt ratione adipisci quod. Voluptatem totam et quia ea minus.', '671', '1', '21', '2021-09-28 02:35:46', '2021-09-28 02:35:46'),
(50, 'quam', 'Laborum ut ullam perspiciatis eaque doloremque. Omnis sint voluptatem ipsum officiis unde. Commodi sed rerum laudantium id quidem deserunt ea.', '852', '2', '12', '2021-09-28 02:35:47', '2021-09-28 02:35:47'),
(51, 'ipsa', 'Non unde repellendus non ab rerum. Eos sunt aperiam non et id maiores et. Ratione debitis neque eaque ipsum vero.', '881', '8', '15', '2021-09-28 02:38:02', '2021-09-28 02:38:02'),
(52, 'voluptate', 'Eaque facilis aliquam magni. Qui et deleniti quasi nam qui et id consequatur. Quia debitis libero dolor rerum et voluptatum.', '223', '0', '13', '2021-09-28 02:38:03', '2021-09-28 02:38:03'),
(53, 'minima', 'Et sunt neque explicabo qui. Sequi aut mollitia in asperiores molestias ipsum fugiat. Veritatis esse maxime cumque rerum quas unde earum sint. Sed modi qui nisi quis.', '950', '2', '14', '2021-09-28 02:38:03', '2021-09-28 02:38:03'),
(54, 'numquam', 'Nemo error sint nihil officiis inventore cupiditate provident. Aut accusantium sed enim natus autem. Sed nobis corrupti debitis dolorum. Amet qui corrupti saepe vero.', '514', '0', '13', '2021-09-28 02:38:03', '2021-09-28 02:38:03'),
(55, 'molestiae', 'Corrupti officiis accusamus qui. Sit illum expedita eum aut repudiandae corporis temporibus. Ut molestiae optio animi sapiente quo sapiente. Ex eum illum totam inventore.', '602', '4', '11', '2021-09-28 02:38:03', '2021-09-28 02:38:03'),
(56, 'soluta', 'Illo placeat laudantium libero reprehenderit enim. Officia vel aperiam odit vero. Dolores nulla ut fuga quis quo amet voluptatem. Consequatur ea dolores est et qui facere aliquam.', '683', '8', '20', '2021-09-28 02:38:03', '2021-09-28 02:38:03'),
(57, 'ea', 'Ut magni voluptatem consequuntur. Culpa soluta quia dolorem iure.', '662', '4', '20', '2021-09-28 02:38:03', '2021-09-28 02:38:03'),
(58, 'quia', 'Veritatis veniam vel quam eligendi fuga. Neque ratione nisi impedit incidunt optio in aut. Et perspiciatis est dolorum sed totam omnis dolorem. Impedit suscipit sint mollitia quo ratione.', '644', '8', '29', '2021-09-28 02:38:03', '2021-09-28 02:38:03'),
(59, 'et', 'Quae voluptatum et molestias iusto qui. Quaerat ad quaerat temporibus ullam quo aperiam facere rerum. Qui eveniet nam ipsa aperiam rerum provident.', '686', '4', '8', '2021-09-28 02:38:03', '2021-09-28 02:38:03'),
(60, 'possimus', 'Aperiam quia sunt et dolorum possimus. Exercitationem sunt repellat ut id sequi ut. Quia ipsum doloremque deleniti aut repellendus minima est vitae. Voluptatem voluptatem qui illo maxime aut itaque.', '542', '6', '5', '2021-09-28 02:38:03', '2021-09-28 02:38:03'),
(61, 'et', 'Similique alias soluta ea. Et ab incidunt aut repudiandae nihil nemo quis. Quaerat ea voluptates nostrum tempore ad.', '589', '6', '17', '2021-09-28 02:38:03', '2021-09-28 02:38:03'),
(62, 'eos', 'Dolorem consequatur eaque distinctio dolorem est non. Sit libero odit magnam dolorem perferendis. Ad qui laudantium eos aliquam ab.', '526', '9', '28', '2021-09-28 02:38:03', '2021-09-28 02:38:03'),
(63, 'saepe', 'Aut hic autem sint maiores quo. Repudiandae ut recusandae quos aliquid fugit. Aut quasi quasi magnam libero. Inventore ipsam officiis odio.', '514', '1', '2', '2021-09-28 02:38:03', '2021-09-28 02:38:03'),
(64, 'in', 'In odit ut laborum. Et et dolor corrupti optio in. Et cumque et laudantium provident sapiente. Vitae consequatur eligendi cum recusandae.', '194', '3', '3', '2021-09-28 02:38:03', '2021-09-28 02:38:03'),
(65, 'ratione', 'Eum cumque neque omnis eos enim iure qui. Autem autem ipsam debitis ut. Ex possimus deleniti laborum delectus beatae est necessitatibus. Molestiae aliquam ducimus numquam sunt natus.', '513', '9', '4', '2021-09-28 02:38:03', '2021-09-28 02:38:03'),
(66, 'quibusdam', 'Quo aut rerum maxime deleniti numquam maiores perferendis. Autem quia eius repudiandae ad nobis. Mollitia qui quia inventore vel vel illo. Quo quia sapiente aut necessitatibus ut odit dolore culpa.', '225', '1', '5', '2021-09-28 02:38:03', '2021-09-28 02:38:03'),
(67, 'fugit', 'Harum cum facere rerum dolorem et atque voluptas. Id reprehenderit molestias enim voluptatem ipsam. Dolorum voluptatem deserunt dolores ea. Culpa nihil possimus cum animi.', '577', '4', '13', '2021-09-28 02:38:03', '2021-09-28 02:38:03'),
(68, 'possimus', 'Facilis sit id velit cum inventore at. Vel qui velit ut accusamus harum ratione voluptas totam. Corporis eum molestiae nulla voluptas ullam voluptatem facere.', '833', '2', '20', '2021-09-28 02:38:03', '2021-09-28 02:38:03'),
(69, 'libero', 'Sed deleniti quidem unde sed magni iure. Delectus doloremque et doloremque. Quis minima in suscipit quis officiis. Quisquam qui est et voluptatem ut odio ut.', '631', '3', '18', '2021-09-28 02:38:04', '2021-09-28 02:38:04'),
(70, 'laboriosam', 'Libero magnam sed dolorum minima quaerat. Quam non ipsum omnis quo ipsum dolores sit incidunt. Explicabo a eaque exercitationem facilis.', '458', '7', '17', '2021-09-28 02:38:04', '2021-09-28 02:38:04'),
(71, 'et', 'Tenetur et reprehenderit accusantium. Et nemo voluptatem dolorum debitis.', '132', '6', '12', '2021-09-28 02:38:04', '2021-09-28 02:38:04'),
(72, 'debitis', 'Esse qui explicabo dolor. Eum ab voluptatum quia modi aut consequatur qui. Velit eveniet nihil non quae. Cupiditate suscipit quae optio magnam itaque laboriosam.', '498', '0', '19', '2021-09-28 02:38:04', '2021-09-28 02:38:04'),
(73, 'eos', 'Aut ut velit rerum et illum occaecati. Quo perspiciatis tempora atque odit possimus. Quia doloribus modi eos non quis nemo in. Et perspiciatis est qui quis et. Eos in officiis ut iste est maiores.', '240', '1', '14', '2021-09-28 02:38:04', '2021-09-28 02:38:04'),
(74, 'officiis', 'Enim tempora quia assumenda. Quam rerum enim laborum voluptatem mollitia. Consequatur sunt non facere dolores in. Eligendi commodi doloremque amet debitis eius laudantium molestiae.', '160', '1', '26', '2021-09-28 02:38:04', '2021-09-28 02:38:04'),
(75, 'et', 'Ea voluptates facilis accusantium est. Earum possimus voluptas et. Porro omnis ut consequatur officiis dolorem. Aut culpa facilis ullam error dolores ipsam. Debitis fugit aut modi optio.', '229', '9', '29', '2021-09-28 02:38:04', '2021-09-28 02:38:04'),
(76, 'odio', 'Culpa aut officiis ullam est et et nostrum. Unde sunt voluptate sit maiores quam sunt nemo. Iure vel atque ut rerum velit quo. Voluptas praesentium maiores eveniet suscipit.', '843', '3', '23', '2021-09-28 02:38:04', '2021-09-28 02:38:04'),
(77, 'eaque', 'Est ut nesciunt accusamus harum ratione nisi sed voluptatum. Quas ducimus ratione culpa id aspernatur corrupti. Similique earum doloribus non ducimus veritatis magni.', '230', '1', '27', '2021-09-28 02:38:04', '2021-09-28 02:38:04'),
(78, 'impedit', 'Et qui officiis voluptates dolorem. Omnis unde officia id qui cum sit ut. Doloribus maiores aliquam suscipit distinctio quas ea.', '733', '9', '19', '2021-09-28 02:38:04', '2021-09-28 02:38:04'),
(79, 'totam', 'Quisquam pariatur quo deserunt. Eligendi velit consequatur saepe quis error. Ea autem a molestiae eligendi. Et magnam consectetur possimus velit ut explicabo.', '718', '9', '13', '2021-09-28 02:38:04', '2021-09-28 02:38:04'),
(80, 'cumque', 'Et excepturi ea impedit eveniet. Quidem nihil ut quas amet commodi magni.', '933', '0', '26', '2021-09-28 02:38:04', '2021-09-28 02:38:04'),
(81, 'velit', 'Sequi dolor ea blanditiis doloremque voluptatum consectetur delectus. Autem ducimus animi velit eveniet ipsa corrupti incidunt. Voluptatem officiis cupiditate ut amet.', '733', '5', '3', '2021-09-28 02:38:04', '2021-09-28 02:38:04'),
(82, 'nihil', 'Expedita aut aliquid delectus aspernatur. Consequatur omnis eos est in. Voluptas et sunt rerum voluptatem est est quia aliquid. Velit aliquam consequatur aperiam est soluta.', '578', '2', '18', '2021-09-28 02:38:04', '2021-09-28 02:38:04'),
(83, 'quia', 'Sunt aut nihil hic assumenda. Rerum consequatur nam facere dolorem. Ut modi facere et corrupti adipisci.', '441', '7', '27', '2021-09-28 02:38:04', '2021-09-28 02:38:04'),
(84, 'et', 'Et sint rerum nesciunt quasi veritatis. Reiciendis sed nobis id accusantium quam voluptatem. Asperiores id tenetur inventore ipsum quaerat omnis vitae.', '365', '5', '27', '2021-09-28 02:38:04', '2021-09-28 02:38:04'),
(85, 'quia', 'Mollitia ipsa eligendi ex voluptatem omnis vel sed. Itaque quasi cupiditate et aspernatur illum sed. Sed nihil qui et omnis. Officia assumenda odio cupiditate eos rem velit doloribus.', '113', '7', '7', '2021-09-28 02:38:04', '2021-09-28 02:38:04'),
(86, 'autem', 'Excepturi id dolores minus corporis quasi quia odit debitis. Porro natus eos omnis. Culpa reiciendis aut unde deleniti odio. Vel laboriosam architecto possimus iure. Odio sequi nihil rerum eum.', '562', '9', '21', '2021-09-28 02:38:04', '2021-09-28 02:38:04'),
(87, 'voluptates', 'Optio eveniet et et quisquam dolor. Sunt quia aut alias non doloremque saepe distinctio. Quia cum totam error in eligendi. Et nobis qui qui veritatis accusamus.', '352', '0', '19', '2021-09-28 02:38:05', '2021-09-28 02:38:05'),
(88, 'et', 'Sit impedit culpa nobis dolorem asperiores vero laborum. Aut sequi officia soluta ratione asperiores quo. Quia et velit incidunt eius cumque.', '583', '1', '28', '2021-09-28 02:38:05', '2021-09-28 02:38:05'),
(89, 'consequatur', 'Quos ab minus ad tenetur illo aut dolores. Non perspiciatis ea dicta. Molestiae dolores ea et hic repudiandae voluptas.', '235', '0', '9', '2021-09-28 02:38:05', '2021-09-28 02:38:05'),
(90, 'dolor', 'Repudiandae voluptatum et dicta quae. Totam eveniet aut aut fugit ut. Accusantium ratione quo ut architecto dicta numquam.', '794', '8', '9', '2021-09-28 02:38:05', '2021-09-28 02:38:05'),
(91, 'vero', 'Et temporibus laboriosam voluptates. Vel amet quas ea consectetur ut accusantium. Recusandae quia culpa sunt. Cupiditate quis repellat est quidem.', '830', '1', '14', '2021-09-28 02:38:05', '2021-09-28 02:38:05'),
(92, 'cumque', 'Hic nobis at omnis aspernatur velit. Ratione est inventore ullam cumque sequi fugit. Illum maiores a sit dolor iusto deleniti fuga.', '623', '2', '8', '2021-09-28 02:38:05', '2021-09-28 02:38:05'),
(93, 'illum', 'Maxime iste quisquam doloremque natus rerum natus. Cupiditate illum quo consectetur aut recusandae et ratione. Nisi placeat porro molestiae amet dolore in. Asperiores rerum molestiae ipsa.', '848', '8', '24', '2021-09-28 02:38:05', '2021-09-28 02:38:05'),
(94, 'nihil', 'Nulla aut eveniet quia cumque suscipit. Quas ex tempora voluptatibus ut. Molestiae nobis ea eum expedita in.', '595', '7', '30', '2021-09-28 02:38:05', '2021-09-28 02:38:05'),
(95, 'dolorem', 'Explicabo labore aut beatae explicabo sed. Cum rerum itaque rem autem cumque id. Officia facilis in dolore cumque architecto. Rerum voluptas eum nihil odio.', '362', '1', '23', '2021-09-28 02:38:05', '2021-09-28 02:38:05'),
(96, 'vel', 'Praesentium autem in quo at eius. Facere quod sint vel consequatur hic debitis. Incidunt quod non quas quia.', '767', '5', '8', '2021-09-28 02:38:05', '2021-09-28 02:38:05'),
(97, 'dignissimos', 'Rerum vel ullam deleniti fugit odit. Quis blanditiis laudantium qui quia.', '442', '5', '24', '2021-09-28 02:38:05', '2021-09-28 02:38:05'),
(98, 'et', 'Nam error provident nisi. Quo voluptas sed illo. Animi voluptatem aut perspiciatis maiores quia vel. Eum culpa eum laboriosam distinctio dolores non ut. Autem incidunt sit repellendus sunt.', '198', '4', '10', '2021-09-28 02:38:05', '2021-09-28 02:38:05'),
(99, 'facere', 'Officiis qui sit omnis esse. Quaerat autem corrupti autem ducimus reprehenderit. Mollitia dolor velit sunt dolorem. Dolore laborum pariatur corrupti. Qui velit sint sit. Sunt ea qui officiis dicta.', '260', '7', '2', '2021-09-28 02:38:05', '2021-09-28 02:38:05'),
(100, 'iusto', 'Quam sunt et porro sint. Suscipit et eos et nisi in cupiditate quia. Ad nulla est quidem officia culpa nam. Et ex ipsa enim consequatur quia.', '346', '3', '8', '2021-09-28 02:38:05', '2021-09-28 02:38:05');

-- --------------------------------------------------------

--
-- Table structure for table `reviews`
--

CREATE TABLE `reviews` (
  `id` bigint(20) UNSIGNED NOT NULL,
  `product_id` bigint(20) UNSIGNED NOT NULL,
  `customer` varchar(255) COLLATE utf8mb4_unicode_ci NOT NULL,
  `review` text COLLATE utf8mb4_unicode_ci NOT NULL,
  `star` varchar(255) COLLATE utf8mb4_unicode_ci NOT NULL,
  `created_at` timestamp NULL DEFAULT NULL,
  `updated_at` timestamp NULL DEFAULT NULL
) ENGINE=InnoDB DEFAULT CHARSET=utf8mb4 COLLATE=utf8mb4_unicode_ci;

--
-- Dumping data for table `reviews`
--

INSERT INTO `reviews` (`id`, `product_id`, `customer`, `review`, `star`, `created_at`, `updated_at`) VALUES
(1, 23, 'Gussie Jaskolski DDS', 'Molestiae soluta cupiditate animi quis autem provident delectus. Neque in atque est qui nesciunt. Perferendis eveniet at earum perspiciatis.', '4', '2021-09-28 02:35:48', '2021-09-28 02:35:48'),
(2, 3, 'Prof. Jaylon O\'Conner V', 'Et inventore fugit accusantium illo voluptates quis nulla. A commodi sed minus sint cum. Veritatis placeat officia quia et repellat voluptate ab. Officia repellendus et atque rem sit.', '2', '2021-09-28 02:35:48', '2021-09-28 02:35:48'),
(3, 39, 'Emanuel Douglas V', 'Repellat officia quasi error magni fugiat commodi perspiciatis est. Eaque aperiam veritatis quasi aut nemo dolor a. Vel non est dolorem quidem quia iure necessitatibus.', '0', '2021-09-28 02:35:48', '2021-09-28 02:35:48'),
(4, 10, 'Marlee Hamill III', 'Alias sit fugit non illum. Eos assumenda voluptate quos quo ut quos aut. Ullam exercitationem consectetur magnam qui optio praesentium. Dolor quos quod ab.', '0', '2021-09-28 02:35:48', '2021-09-28 02:35:48'),
(5, 25, 'Ona Kerluke', 'Aut nam sit repudiandae aliquam. At placeat dolor et aut neque. Est nemo maxime consequatur aut similique. Quam quidem et omnis iure sit.', '1', '2021-09-28 02:35:48', '2021-09-28 02:35:48'),
(6, 2, 'Eloisa Cremin', 'Autem sit adipisci non illum ducimus ex. Aut qui mollitia nesciunt laborum repudiandae est fugiat. Tenetur alias consectetur ducimus est tempore velit. Laudantium distinctio qui perferendis sint.', '3', '2021-09-28 02:35:48', '2021-09-28 02:35:48'),
(7, 25, 'Prof. Jerod Jerde', 'Sit et consequatur vitae aut blanditiis iure in. Et blanditiis excepturi necessitatibus esse. Nostrum id quae neque aspernatur porro. Tenetur sit exercitationem qui sit possimus.', '2', '2021-09-28 02:35:49', '2021-09-28 02:35:49'),
(8, 38, 'Ms. Imogene Bode DVM', 'Repudiandae aut sit maxime nihil deserunt aperiam perferendis. A deserunt deserunt beatae est ea. Consectetur provident placeat iure. Delectus ad adipisci omnis. Iusto corporis provident consequatur facilis nihil accusantium.', '5', '2021-09-28 02:35:49', '2021-09-28 02:35:49'),
(9, 20, 'Carolyne Cormier', 'Soluta tempora ut at. Quo voluptatem aut quo id molestias. Blanditiis occaecati labore amet atque vel atque velit.', '2', '2021-09-28 02:35:49', '2021-09-28 02:35:49'),
(10, 19, 'Lysanne Koelpin Sr.', 'Rem ea quia rerum et doloremque voluptatibus. Ab odio quis provident. Incidunt tempora eius nesciunt est. Enim nobis cum voluptatem enim odit architecto voluptas.', '5', '2021-09-28 02:35:49', '2021-09-28 02:35:49'),
(11, 36, 'Sandra Jenkins IV', 'Dolore et temporibus beatae placeat. Mollitia et molestias voluptas accusantium. Consequatur iusto odio enim. Ratione nihil et voluptates libero ducimus praesentium.', '5', '2021-09-28 02:35:49', '2021-09-28 02:35:49'),
(12, 16, 'Kiarra Kautzer', 'Aperiam est quis beatae et. Ea velit fuga sunt quae. Distinctio non officiis et quas reiciendis quia dolores. Cumque praesentium quasi id nulla qui voluptate voluptas.', '1', '2021-09-28 02:35:49', '2021-09-28 02:35:49'),
(13, 21, 'Devin Bergnaum', 'Iure eveniet aliquid praesentium non harum ducimus. Quidem a labore debitis labore laboriosam. Sit cum error exercitationem voluptate rem dolorum. Fugiat qui doloribus est voluptas repudiandae culpa laudantium.', '5', '2021-09-28 02:35:49', '2021-09-28 02:35:49'),
(14, 17, 'Emilia McLaughlin', 'Id autem vel sit molestias distinctio est architecto. Mollitia perspiciatis in aliquid aliquid. Distinctio maxime adipisci repellat veritatis ab odit. Veniam suscipit eum omnis.', '5', '2021-09-28 02:35:49', '2021-09-28 02:35:49'),
(15, 3, 'Austin Dickens', 'Et eum quisquam ab et. Similique ipsam pariatur voluptatem consequatur. Error eligendi enim quia unde consectetur labore dolore eligendi. Eum laudantium voluptatibus consectetur amet ea eius in. Doloribus harum illo at.', '4', '2021-09-28 02:35:49', '2021-09-28 02:35:49'),
(16, 23, 'Miss Kianna Upton IV', 'Aut est molestiae magni. Qui magnam provident est mollitia at quas eum. Magni accusantium exercitationem et consequuntur aut doloribus. Consequuntur et facilis excepturi dolorum enim dolor distinctio.', '2', '2021-09-28 02:35:49', '2021-09-28 02:35:49'),
(17, 13, 'Rosa Heller PhD', 'Deserunt earum fugit perferendis necessitatibus iure. Iure quis non veniam autem magni. Officiis facere et tenetur ipsum.', '1', '2021-09-28 02:35:49', '2021-09-28 02:35:49'),
(18, 25, 'Miss Candace Luettgen IV', 'Autem repellat nostrum eveniet voluptas reiciendis est quasi vitae. Et excepturi repellendus repellat tempora. Possimus omnis ullam ea rerum excepturi. Quia et sint voluptatem.', '3', '2021-09-28 02:35:49', '2021-09-28 02:35:49'),
(19, 24, 'Summer Gislason', 'Consectetur sit sed accusamus aliquid sequi non accusantium. Minima repudiandae et itaque. Fugit molestias occaecati quia est itaque vitae recusandae.', '3', '2021-09-28 02:35:49', '2021-09-28 02:35:49'),
(20, 16, 'Kari Nolan', 'Voluptate deserunt at nobis facere. Deleniti at consequatur beatae totam. Libero iure omnis architecto. Doloribus aspernatur labore dolorem similique minus quis.', '2', '2021-09-28 02:35:50', '2021-09-28 02:35:50'),
(21, 34, 'Mckenzie Heidenreich', 'Cum et ea et corporis sed ipsam eveniet. Reprehenderit nulla sit magni. Rem ullam rerum odio.', '2', '2021-09-28 02:35:50', '2021-09-28 02:35:50'),
(22, 12, 'Mrs. Brenna O\'Hara DVM', 'Est velit ducimus consectetur est omnis. At consequatur ratione numquam velit id aliquid aperiam. Ut quod ullam vel iste quod deserunt deserunt.', '4', '2021-09-28 02:35:50', '2021-09-28 02:35:50'),
(23, 20, 'Ferne Schoen', 'Autem dolorum cum unde quo corporis inventore nostrum. Repellendus occaecati repudiandae alias eveniet enim vel architecto. Nobis enim aliquam praesentium dolor voluptas eveniet. Itaque sint explicabo inventore quia sunt quo dolorem dolores.', '5', '2021-09-28 02:35:50', '2021-09-28 02:35:50'),
(24, 17, 'Dulce Stark', 'Debitis voluptas ipsum mollitia. Consequatur hic voluptatibus et. Deserunt eum inventore facilis dolore reprehenderit nam. Aliquid magni aliquid qui et.', '3', '2021-09-28 02:35:50', '2021-09-28 02:35:50'),
(25, 36, 'Chyna Kshlerin', 'Iusto minus natus molestiae molestias rem. Et consequatur dolores ullam quia minus eaque. Accusamus quo id et explicabo ipsum ut. Assumenda ut temporibus voluptas aut totam. Quia repellendus beatae praesentium quas vitae dolor asperiores.', '2', '2021-09-28 02:35:50', '2021-09-28 02:35:50'),
(26, 8, 'Lavonne Balistreri', 'Nesciunt sed et qui quibusdam facilis. Iste nostrum molestiae consectetur explicabo. Quisquam velit quidem dolor ea.', '3', '2021-09-28 02:35:50', '2021-09-28 02:35:50'),
(27, 2, 'Prof. Jordyn Romaguera I', 'Velit sequi dolorum atque et. Quis ea alias eum praesentium aliquid ullam quas. Autem similique et eligendi consequuntur. Rerum dicta tempore nemo et quaerat tempore repellat.', '3', '2021-09-28 02:35:50', '2021-09-28 02:35:50'),
(28, 25, 'Breanna Mueller', 'In omnis recusandae itaque rerum aut at consequatur. Libero ut exercitationem sint illum. Suscipit officia praesentium aut ut rem eum. Est minima molestiae est.', '4', '2021-09-28 02:35:50', '2021-09-28 02:35:50'),
(29, 23, 'Prof. Quinn Larson', 'Soluta dolore voluptatibus totam quis praesentium. Ut voluptatem voluptas perspiciatis et doloremque at. Velit est molestiae ea molestias id temporibus suscipit. Nihil eos nihil voluptatem eum dolore rerum est dolores.', '3', '2021-09-28 02:35:50', '2021-09-28 02:35:50'),
(30, 23, 'Prof. Dedric Kerluke', 'Ut temporibus dolorem odit nesciunt fugiat. Aut quia ducimus est quibusdam molestiae quos voluptas.', '5', '2021-09-28 02:35:50', '2021-09-28 02:35:50'),
(31, 31, 'Myron Walter', 'Tempora voluptas voluptates praesentium delectus. Non est corporis esse suscipit. Ratione unde animi quia quibusdam itaque iste.', '1', '2021-09-28 02:35:50', '2021-09-28 02:35:50'),
(32, 19, 'Dr. Eugenia Turner I', 'Eum laboriosam officiis praesentium doloribus qui eos. Saepe aut facere rem nesciunt delectus. Ullam tempore eius impedit.', '0', '2021-09-28 02:35:50', '2021-09-28 02:35:50'),
(33, 24, 'Miss Zoey Okuneva', 'Qui natus culpa cupiditate quaerat saepe voluptatem illo. Doloremque sit ipsa molestiae dolores nisi est. Sunt asperiores id sed excepturi rerum quisquam harum.', '5', '2021-09-28 02:35:50', '2021-09-28 02:35:50'),
(34, 33, 'Caden Daugherty IV', 'Dolor similique pariatur ut. Aliquid quas exercitationem accusantium qui distinctio reiciendis. Et veniam ipsum laudantium tenetur facilis quas ex quos. Ad nobis ut aut repellendus.', '0', '2021-09-28 02:35:50', '2021-09-28 02:35:50'),
(35, 47, 'Madelynn Cremin', 'Error est quo minima consequatur et sunt. Tenetur distinctio sint iste vitae. Doloribus est nam fuga sint rem.', '1', '2021-09-28 02:35:51', '2021-09-28 02:35:51'),
(36, 28, 'Mr. Blaze Hoeger', 'Ea excepturi repellendus quo voluptatem adipisci repellat. Cumque voluptatibus et quia voluptas unde. Enim omnis dolorum omnis est accusamus.', '2', '2021-09-28 02:35:51', '2021-09-28 02:35:51'),
(37, 1, 'Leila Yundt', 'Molestias deserunt harum repellendus ab molestias debitis iste. In harum accusamus consequatur nemo eos laudantium. Enim voluptatem molestias maiores.', '5', '2021-09-28 02:35:51', '2021-09-28 02:35:51'),
(38, 1, 'Trystan Homenick', 'Sunt et porro sit maiores architecto doloremque. Aut odio qui recusandae qui. Atque velit id temporibus culpa sed inventore.', '5', '2021-09-28 02:35:51', '2021-09-28 02:35:51'),
(39, 9, 'Jefferey Emmerich', 'Consequatur dolorem quo rerum eveniet quo nesciunt. Culpa et rerum cumque at odio dolorum. Omnis et vel reiciendis explicabo qui.', '4', '2021-09-28 02:35:51', '2021-09-28 02:35:51'),
(40, 32, 'Berniece Reichel', 'Saepe omnis quis quidem omnis et commodi. Voluptatum in quo ut iste vel labore. Vero amet voluptate modi consequatur mollitia. Nemo voluptatum aut minima rerum eveniet quos soluta.', '1', '2021-09-28 02:35:51', '2021-09-28 02:35:51'),
(41, 50, 'Karley Funk', 'Aliquam aspernatur officia alias dolor explicabo laboriosam voluptatem. Temporibus tempora sint eos accusamus harum unde. Amet error eum est qui dolorem.', '4', '2021-09-28 02:35:51', '2021-09-28 02:35:51'),
(42, 10, 'Ms. Kenna Friesen', 'Et quidem voluptatum nam non. Fuga excepturi fugiat voluptatum omnis iusto molestiae vero.', '1', '2021-09-28 02:35:51', '2021-09-28 02:35:51'),
(43, 3, 'Khalid Okuneva DVM', 'Officia harum similique eaque enim et itaque facilis commodi. Explicabo ut dolores et cum quos quam. Aperiam fuga aperiam veritatis et.', '4', '2021-09-28 02:35:51', '2021-09-28 02:35:51'),
(44, 17, 'Raphael Runolfsson', 'Dolorem perspiciatis at quam et natus nam et. In harum accusamus aperiam et vel iure porro. Necessitatibus non magnam dolorum.', '3', '2021-09-28 02:35:51', '2021-09-28 02:35:51'),
(45, 41, 'Wiley Hoppe', 'Cupiditate porro blanditiis alias eum quia est aut. Sapiente ratione aut alias incidunt ut. Vero ab delectus vel omnis accusantium sit architecto qui. Similique hic quis voluptatem eos est iste.', '4', '2021-09-28 02:35:51', '2021-09-28 02:35:51'),
(46, 8, 'Maddison Beier', 'Repudiandae id nisi enim quisquam aut quos. Incidunt et aperiam sint est eaque ut ipsam. Adipisci magni quas dolores aut. Consequatur temporibus sed autem quia. Pariatur ab qui harum tenetur quia culpa odit.', '0', '2021-09-28 02:35:51', '2021-09-28 02:35:51'),
(47, 18, 'Margarette Bogan', 'Ex qui minus occaecati minus. Nemo repellat explicabo sit esse ipsa reprehenderit. Rerum harum qui repellat a aut. Eum ut porro eaque temporibus.', '3', '2021-09-28 02:35:52', '2021-09-28 02:35:52'),
(48, 43, 'Ruth Keebler', 'Reiciendis totam molestias ut et eos laudantium. Tenetur qui sed quis exercitationem qui. Aliquid inventore et exercitationem doloremque. Veniam perferendis iste laborum praesentium vitae ut.', '1', '2021-09-28 02:35:52', '2021-09-28 02:35:52'),
(49, 19, 'Alysha Gottlieb', 'Omnis atque vel sunt vitae. Ex ea odio sed ea natus. Exercitationem neque accusamus eum adipisci.', '3', '2021-09-28 02:35:52', '2021-09-28 02:35:52'),
(50, 23, 'Cierra Lang', 'Omnis autem ea eligendi nisi. Nihil rerum reiciendis dolores et repudiandae autem velit. Temporibus et odit expedita blanditiis quas voluptatibus.', '3', '2021-09-28 02:35:52', '2021-09-28 02:35:52'),
(51, 38, 'Florine Schaefer', 'Odio totam facere ea voluptates necessitatibus odit et. Molestiae quia neque dignissimos ut tenetur sint non. Doloremque aut reprehenderit dolor provident.', '1', '2021-09-28 02:35:52', '2021-09-28 02:35:52'),
(52, 29, 'Prof. Stanley Glover DVM', 'Unde debitis quo facilis laboriosam delectus assumenda. Laborum ut qui quod. Eligendi quo iste doloremque sapiente voluptatibus error dolores provident. Natus velit ea illum saepe reiciendis enim.', '0', '2021-09-28 02:35:52', '2021-09-28 02:35:52'),
(53, 49, 'Wilmer Hoppe MD', 'Illo vel exercitationem non inventore voluptatibus non. Delectus et rerum assumenda qui. Et ut earum a. Accusamus illum quo nesciunt aspernatur perferendis nobis. Nesciunt in qui commodi quis et rerum cupiditate nulla.', '5', '2021-09-28 02:35:52', '2021-09-28 02:35:52'),
(54, 41, 'Thalia Schinner', 'Nihil corrupti laboriosam itaque sit. Mollitia et dolor aliquid cum veritatis optio. Velit enim ut eum cum. Placeat corrupti qui vitae quis culpa consequuntur. Pariatur est ex aut fuga.', '0', '2021-09-28 02:35:52', '2021-09-28 02:35:52'),
(55, 38, 'Braeden Raynor IV', 'Eaque ipsa placeat deserunt sequi labore ut reprehenderit. Corporis ratione fugit nulla ratione. Ut neque praesentium facilis quo itaque veniam aut consectetur.', '4', '2021-09-28 02:35:52', '2021-09-28 02:35:52'),
(56, 5, 'Adrain Koelpin', 'Soluta qui optio modi facilis illum dolores quia. Quam qui nostrum quis numquam laborum. Ab aut velit facere reiciendis quisquam vitae. Rerum dolores vel accusamus et.', '3', '2021-09-28 02:35:52', '2021-09-28 02:35:52'),
(57, 9, 'Nakia Crona PhD', 'Omnis ut ea possimus aut voluptates rerum. Aut cum laborum quidem vero. Velit qui illo sapiente. Non aliquam nemo alias eos tempore nulla consequuntur. Nisi nesciunt recusandae eos ut vero voluptatibus sint quisquam.', '1', '2021-09-28 02:35:52', '2021-09-28 02:35:52'),
(58, 23, 'Jaeden Konopelski', 'Illo consectetur modi id laborum nisi laboriosam. Deserunt tempora laborum amet sint et. Reiciendis nihil est dicta occaecati aut vel maxime in.', '5', '2021-09-28 02:35:52', '2021-09-28 02:35:52'),
(59, 48, 'Dr. Noelia Berge Jr.', 'Voluptatem qui est ut ipsa est voluptate quia. Animi nisi nemo expedita assumenda quasi molestias. Quos eum nihil voluptate non magnam nihil illum. Atque libero esse voluptatum rerum.', '0', '2021-09-28 02:35:52', '2021-09-28 02:35:52'),
(60, 16, 'Tamara Bashirian', 'Qui nostrum neque voluptate quis sit sequi pariatur ut. Fugiat velit unde nesciunt molestiae vel aut cumque. Error laboriosam tenetur odio laudantium nesciunt et. Dicta nulla quaerat reiciendis ut modi rerum voluptatum.', '0', '2021-09-28 02:35:52', '2021-09-28 02:35:52'),
(61, 45, 'Prof. Rae Kautzer IV', 'Earum adipisci autem ea fuga. Facere fuga nemo placeat et dolorem vero neque. Molestias et officiis consectetur et cum libero numquam eveniet. Sequi ducimus quas tempora nobis cupiditate non eligendi.', '2', '2021-09-28 02:35:52', '2021-09-28 02:35:52'),
(62, 34, 'Marcelle O\'Connell', 'Minima autem perferendis omnis autem maxime ab. Aspernatur dolorum iusto ut distinctio. Rerum iure perferendis quia illo voluptas facere dignissimos. Similique nesciunt perspiciatis quasi iure quia nemo odit.', '4', '2021-09-28 02:35:52', '2021-09-28 02:35:52'),
(63, 27, 'Emma Monahan PhD', 'Aut consequuntur maxime omnis molestias minima. Qui quisquam et illum. In porro reiciendis officia quia.', '2', '2021-09-28 02:35:53', '2021-09-28 02:35:53'),
(64, 40, 'Edythe Mills III', 'Deserunt culpa dolores ad minima molestias possimus. Hic eos vel quibusdam accusantium. Voluptas voluptatum aut ipsum consequuntur provident facilis nisi. Qui iste numquam odit voluptatem veniam inventore facere.', '4', '2021-09-28 02:35:53', '2021-09-28 02:35:53'),
(65, 34, 'Heath Swaniawski', 'Cum dolorem voluptatem totam doloremque et. Ut tempore qui distinctio temporibus sapiente. Sed ea sit temporibus molestias sed aliquid. Et qui dolor sit nihil rerum non temporibus maxime.', '1', '2021-09-28 02:35:53', '2021-09-28 02:35:53'),
(66, 34, 'Prof. Easton Schmeler', 'Et possimus aut non labore veritatis illum. Qui non assumenda voluptatem sint minima dolores quo. Autem iusto laboriosam harum nam asperiores nulla non. Quas consequatur rem dolor dolores.', '4', '2021-09-28 02:35:53', '2021-09-28 02:35:53'),
(67, 11, 'Ronny Orn', 'Dolores sint exercitationem nobis unde est accusantium aut. Est eius perspiciatis consequuntur deserunt sed et quo quis. Fuga voluptates minus perspiciatis eligendi. Reiciendis sed architecto ut voluptates quos impedit.', '3', '2021-09-28 02:35:53', '2021-09-28 02:35:53'),
(68, 36, 'Enos Cronin', 'Inventore eaque in consectetur alias repellendus laudantium. Veritatis dolores aliquid doloribus. Non sit a accusantium aut. Cupiditate itaque sint ut ea officia nisi laudantium.', '5', '2021-09-28 02:35:53', '2021-09-28 02:35:53'),
(69, 18, 'Prof. Itzel Wisoky', 'Ipsum rem dolor ex aliquam ut aut. Voluptates iste expedita maiores iure eaque velit voluptate. Alias similique aut cum odit odio.', '2', '2021-09-28 02:35:53', '2021-09-28 02:35:53'),
(70, 50, 'Emery Schowalter', 'Totam voluptate minus voluptatibus tempore consectetur. Eveniet quos hic odio tempore autem. Veniam sit eum vel nesciunt corrupti enim aut. Molestias aut et ex pariatur saepe sapiente.', '3', '2021-09-28 02:35:53', '2021-09-28 02:35:53'),
(71, 29, 'Madonna Smith', 'Tenetur culpa qui qui itaque. Amet ut est quod quibusdam. Ipsum dolore voluptates aut ut quis natus. Eaque tenetur sapiente dolores eos et cupiditate.', '1', '2021-09-28 02:35:53', '2021-09-28 02:35:53'),
(72, 8, 'Dr. Paolo Roberts', 'Sed illo ratione laborum eos. Aspernatur nemo similique velit inventore nobis nostrum. Beatae nisi placeat voluptatibus est ea. Voluptas hic quis et aliquid non.', '0', '2021-09-28 02:35:53', '2021-09-28 02:35:53'),
(73, 32, 'Dr. Adah Walker', 'Dolores iusto delectus vel molestias modi sint non aut. Corporis rerum est qui temporibus corporis eos vel. Sunt sunt nulla qui et vel.', '4', '2021-09-28 02:35:53', '2021-09-28 02:35:53'),
(74, 14, 'Kylie Christiansen', 'Nobis autem doloremque quia hic eum est doloribus. Iure nulla architecto ipsam suscipit. Amet eum enim ratione accusamus laudantium.', '2', '2021-09-28 02:35:53', '2021-09-28 02:35:53'),
(75, 29, 'Prof. Fern Bashirian', 'Eos voluptate omnis quidem dicta veritatis. Eaque nisi ducimus itaque provident minima quas. Veniam porro quidem consectetur sed molestias repellat similique. Optio omnis qui quasi delectus occaecati delectus voluptas.', '2', '2021-09-28 02:35:54', '2021-09-28 02:35:54'),
(76, 24, 'Dee Pagac', 'Ea et nihil aut aut tempora. Animi in ullam consequatur ipsum. Quam quibusdam blanditiis qui nobis.', '0', '2021-09-28 02:35:54', '2021-09-28 02:35:54'),
(77, 17, 'Fletcher Anderson', 'Temporibus quos rerum deserunt a inventore quia omnis. Assumenda eos ullam perferendis dolorem qui. Voluptatibus rerum eaque praesentium nihil. Commodi in quas dolorum quos ut perspiciatis voluptas. Et dicta possimus tempora ipsam.', '2', '2021-09-28 02:35:54', '2021-09-28 02:35:54'),
(78, 3, 'Ms. Larissa Flatley Sr.', 'Nam nam laborum harum distinctio explicabo harum rerum dolor. Ipsum omnis id repellendus enim nihil aut sint. Cumque eius aut nesciunt perspiciatis molestiae itaque perferendis. Qui eligendi unde saepe est.', '0', '2021-09-28 02:35:54', '2021-09-28 02:35:54'),
(79, 5, 'Prof. Griffin Rolfson DDS', 'Ut dolorum rem ipsum sit voluptas. Quod voluptates sit doloribus cum eaque. Omnis autem itaque natus inventore quisquam nobis. Voluptas quidem doloremque corrupti quod totam repudiandae.', '5', '2021-09-28 02:38:07', '2021-09-28 02:38:07'),
(80, 65, 'Raphaelle Romaguera MD', 'Mollitia totam est sapiente quae amet nam. Ut quis qui atque ipsum eaque consequatur neque. Quis deserunt facilis amet quasi cupiditate. Et aut accusamus vero sequi quod modi. Qui alias exercitationem nulla deleniti cumque dolorum sint dolor.', '4', '2021-09-28 02:38:07', '2021-09-28 02:38:07'),
(81, 58, 'Loraine Yundt PhD', 'Natus unde harum iusto dolor. Assumenda et voluptas non impedit quos. Qui recusandae iusto accusantium ullam quo in provident autem. Iusto quia aut possimus quibusdam fuga.', '2', '2021-09-28 02:38:07', '2021-09-28 02:38:07'),
(82, 94, 'Kenton Balistreri', 'Praesentium modi doloremque ut illo. Dolorem sed voluptate aut placeat. Est voluptatem atque omnis saepe repellat.', '5', '2021-09-28 02:38:07', '2021-09-28 02:38:07'),
(83, 14, 'Clare Fisher', 'Sint eveniet et ut labore rerum. At provident consequatur sit animi totam sed beatae repudiandae. Debitis est sequi architecto laudantium cum tempore vel consectetur. Vel eum explicabo laboriosam dolorem labore rerum.', '2', '2021-09-28 02:38:07', '2021-09-28 02:38:07'),
(84, 44, 'Mrs. Eugenia Christiansen', 'Voluptas quis sint ipsam eaque aut quia. Sit possimus deserunt rerum neque consequatur quas ut. Suscipit cupiditate enim non deleniti quas eius praesentium iure. Natus occaecati ex temporibus molestias sint.', '2', '2021-09-28 02:38:07', '2021-09-28 02:38:07'),
(85, 9, 'Prof. Anissa Mohr', 'Aspernatur ut repellendus exercitationem sit laboriosam tempora. Autem officiis quia est.', '3', '2021-09-28 02:38:07', '2021-09-28 02:38:07'),
(86, 91, 'Dejah Feil', 'Repellendus deserunt cupiditate architecto. Ullam tempora molestiae error numquam et doloremque consectetur. Vero nisi aliquam odit ut. Labore temporibus rem autem eum dignissimos.', '1', '2021-09-28 02:38:07', '2021-09-28 02:38:07'),
(87, 27, 'Melyna Bauch', 'Et eos ipsam architecto dolorem commodi et. Est neque maiores ex labore quia. Nesciunt consequatur et sunt.', '2', '2021-09-28 02:38:07', '2021-09-28 02:38:07'),
(88, 5, 'Mr. Kris Gutkowski DVM', 'Voluptatibus illo eos exercitationem consequatur aut quia. Sequi aperiam laboriosam consequatur aperiam et architecto qui. Et quisquam voluptas laudantium. Sunt enim id quasi qui unde.', '5', '2021-09-28 02:38:07', '2021-09-28 02:38:07'),
(89, 36, 'Georgiana Lesch', 'Quae voluptatibus eos amet deleniti sit et ullam. Voluptatem autem provident eveniet magnam. Deleniti quod dignissimos est dolorum error est.', '5', '2021-09-28 02:38:07', '2021-09-28 02:38:07'),
(90, 87, 'Miss Shania Wyman Sr.', 'Voluptas commodi est aut vitae. Doloremque dicta totam in nisi dolor voluptas omnis. Nostrum provident sit ratione placeat. Velit sunt et reiciendis totam provident quam. Officiis placeat temporibus quo autem voluptatem ea.', '3', '2021-09-28 02:38:07', '2021-09-28 02:38:07'),
(91, 23, 'Eriberto Schinner', 'Quos temporibus alias sint sed similique iure totam. Deserunt sit dolor aliquam aspernatur repellat consequatur. Voluptatum voluptatem et qui sunt impedit necessitatibus in.', '3', '2021-09-28 02:38:08', '2021-09-28 02:38:08'),
(92, 15, 'Miss Maddison Jacobson V', 'Molestias tempora officiis error vel earum explicabo. Blanditiis voluptas recusandae qui. Repellat nesciunt et vero mollitia. Id quia hic culpa dolores.', '1', '2021-09-28 02:38:08', '2021-09-28 02:38:08'),
(93, 49, 'Miss Danika Labadie II', 'Sunt veniam modi ducimus totam sit dolores saepe. Est alias rem aut eum veritatis. Qui ratione harum esse nobis autem tempore. Nesciunt eius minima quasi rerum.', '0', '2021-09-28 02:38:08', '2021-09-28 02:38:08'),
(94, 20, 'Birdie McClure', 'Recusandae consequatur iure qui dolor maxime. Autem nostrum quis ducimus vero eos quis et saepe. Sequi repellat omnis ut qui tempore quisquam ipsum. Facere illo consequatur est nisi.', '2', '2021-09-28 02:38:08', '2021-09-28 02:38:08'),
(95, 92, 'Odie Roob', 'Autem laborum in velit earum est laudantium sint. Qui eveniet voluptas ipsam aliquam doloribus sed tempora. Corrupti at architecto earum quam voluptatem quo ut. Rem id eos ratione voluptas ut aut.', '1', '2021-09-28 02:38:08', '2021-09-28 02:38:08'),
(96, 2, 'Mrs. Bryana Rosenbaum Sr.', 'Odit cupiditate neque tenetur possimus iure ut. Tempora molestiae sed eum velit quia eligendi possimus. Et non neque numquam voluptates tempora ad repellat voluptas. Non eos facilis cupiditate labore rerum eveniet est.', '2', '2021-09-28 02:38:08', '2021-09-28 02:38:08'),
(97, 13, 'Dolores Torphy', 'Accusantium tenetur omnis consequatur assumenda. Nemo modi dolorem eos fuga et consequatur ipsam. Voluptates possimus laboriosam repudiandae ad adipisci. Provident ut est ut nisi dolore soluta delectus repellat.', '4', '2021-09-28 02:38:08', '2021-09-28 02:38:08'),
(98, 77, 'Johnpaul Sawayn', 'Et consectetur pariatur ratione minus at. Molestiae quam esse qui voluptas. Possimus consequatur atque voluptate eos omnis et. Magnam qui rem harum enim alias consequatur sit sequi.', '0', '2021-09-28 02:38:08', '2021-09-28 02:38:08'),
(99, 8, 'Eveline Maggio', 'Quo quia quo sit dignissimos sequi. Sequi consequatur asperiores enim hic commodi non. Similique fugit aut tempora ab similique. Incidunt cupiditate officiis quo.', '4', '2021-09-28 02:38:08', '2021-09-28 02:38:08'),
(100, 93, 'Effie Schoen', 'Est consectetur dolores animi et. Unde earum tempore quod doloremque est. Sapiente et quae ullam. Quia illo velit est iure similique eum similique.', '2', '2021-09-28 02:38:08', '2021-09-28 02:38:08'),
(101, 43, 'Bridie Bashirian', 'Sed ut dolore aliquid repudiandae. Animi ullam provident id consequatur ea eos.', '5', '2021-09-28 02:38:08', '2021-09-28 02:38:08'),
(102, 32, 'Geraldine Jerde', 'Quos ipsam deleniti error voluptatem repellat doloremque rerum. Sed quis perspiciatis pariatur qui aliquam omnis.', '0', '2021-09-28 02:38:08', '2021-09-28 02:38:08'),
(103, 14, 'Hettie Carter', 'Nisi debitis eius quo vero ratione occaecati. Et doloremque sit et voluptatem veniam ipsam consequatur. Exercitationem error inventore ut necessitatibus maiores omnis aliquam.', '1', '2021-09-28 02:38:08', '2021-09-28 02:38:08'),
(104, 72, 'Ines Kautzer', 'Quod totam expedita aut molestiae aut saepe. Non ratione possimus libero consequatur iusto non et aliquam. Iusto sequi aliquam voluptatem itaque reprehenderit voluptas. Qui vero qui inventore beatae fugiat iste quasi.', '5', '2021-09-28 02:38:09', '2021-09-28 02:38:09'),
(105, 76, 'Laverna Ziemann', 'Illo ipsam ab sit ab. Voluptatem ut aut quia iusto. Eos ut tenetur aut est perspiciatis. Eos quaerat vero corporis doloribus sint.', '3', '2021-09-28 02:38:09', '2021-09-28 02:38:09'),
(106, 48, 'Melba Vandervort', 'Ea quam similique possimus accusantium enim. Aliquid vero provident eaque cupiditate saepe. Veritatis eius autem eos consequuntur voluptatem sint saepe. Culpa voluptates vero nam quas totam eaque vel. Quibusdam eos aspernatur eum nihil iure ea architecto.', '3', '2021-09-28 02:38:09', '2021-09-28 02:38:09'),
(107, 23, 'Elaina Feil', 'Ut dicta nihil voluptatem amet assumenda expedita cum. In odit aut excepturi distinctio at. Dolore eaque doloremque sed eos.', '4', '2021-09-28 02:38:09', '2021-09-28 02:38:09'),
(108, 45, 'Ardith Hagenes', 'Consequatur reprehenderit eum quaerat et aut et ipsam. Et dignissimos voluptates atque amet. Quod error a aut suscipit quos dolores rem. Vel deserunt corrupti distinctio aliquam magnam. Aliquam vel deleniti ut iure.', '3', '2021-09-28 02:38:09', '2021-09-28 02:38:09'),
(109, 42, 'Margaret Legros', 'Adipisci est necessitatibus modi quaerat. Accusamus quaerat in quia reiciendis consequatur provident est. Assumenda rerum beatae quis libero necessitatibus perferendis.', '1', '2021-09-28 02:38:09', '2021-09-28 02:38:09'),
(110, 42, 'Marques Turner', 'Veniam cupiditate ipsam tempore eaque eos ea similique molestias. Consequuntur rerum non placeat voluptatem sed et quasi. Nihil in deleniti ratione quis odit placeat beatae. Porro error numquam dolorem pariatur sit et ut.', '3', '2021-09-28 02:38:09', '2021-09-28 02:38:09'),
(111, 77, 'Prof. Claudine Kirlin', 'Aperiam corrupti corrupti rerum omnis ipsa. Quibusdam vero tempora voluptas nam rerum reprehenderit reiciendis. Nulla reiciendis eum suscipit dolore dolor ducimus odit.', '1', '2021-09-28 02:38:09', '2021-09-28 02:38:09'),
(112, 6, 'Monica Considine', 'Non qui est alias ad blanditiis et quaerat. Unde ea earum in quia autem tempore quia. Alias quia nobis est at beatae perspiciatis. Enim dicta unde iusto eveniet.', '1', '2021-09-28 02:38:09', '2021-09-28 02:38:09'),
(113, 84, 'Simone White III', 'Earum eos ab nemo. Quod voluptatem fuga dolor debitis fuga voluptatem deserunt. Officiis distinctio consectetur voluptatem suscipit.', '3', '2021-09-28 02:38:09', '2021-09-28 02:38:09'),
(114, 57, 'Ms. Alanna Marks', 'Dignissimos enim maiores eius eum. Qui molestiae nulla veritatis rerum maiores. Doloremque sit harum autem beatae. Vero dolores quibusdam molestias et est voluptas voluptas.', '3', '2021-09-28 02:38:09', '2021-09-28 02:38:09'),
(115, 13, 'Lauriane Schmidt', 'Eveniet enim aperiam et eveniet. Architecto in corporis molestias dolore eligendi aspernatur. Nam sint qui sint quia perspiciatis sapiente nobis voluptas. Ut et et aut.', '4', '2021-09-28 02:38:09', '2021-09-28 02:38:09'),
(116, 46, 'Zechariah Hoppe', 'Nulla accusantium rem a voluptatibus voluptatem. Quam optio maxime ut cumque. Soluta totam corporis nam excepturi quis doloribus voluptates reprehenderit.', '5', '2021-09-28 02:38:09', '2021-09-28 02:38:09'),
(117, 100, 'Vernon Conn V', 'Rerum neque inventore repellat et et. Necessitatibus sit et ratione nihil eum qui. Provident sit ut est et ipsa consequatur. Facilis vitae vel ea est blanditiis sed aut.', '1', '2021-09-28 02:38:09', '2021-09-28 02:38:09'),
(118, 28, 'Juwan Feil', 'Iure autem aut illum amet. Reprehenderit repellendus laborum voluptas cumque vel odit. Occaecati dolores ut repudiandae harum placeat voluptate sit sunt. Nihil expedita numquam voluptas error. Quae ut aut fugiat non molestias.', '0', '2021-09-28 02:38:09', '2021-09-28 02:38:09'),
(119, 32, 'Alexie Breitenberg', 'Aliquid eos quia nostrum dolorem neque. Recusandae provident qui quibusdam vitae aut qui nisi. Inventore ut dolorem ex dolor et quia aliquid. Aspernatur reiciendis iure qui laudantium nemo qui illo quibusdam.', '5', '2021-09-28 02:38:09', '2021-09-28 02:38:09'),
(120, 83, 'Eula Windler', 'Nemo itaque cum eius aliquid quod laboriosam libero odio. Ut autem quidem voluptatem sed doloribus doloremque. Consequatur et deleniti non consequatur exercitationem. Cupiditate est architecto ipsum quaerat quia sed.', '5', '2021-09-28 02:38:10', '2021-09-28 02:38:10'),
(121, 94, 'Ms. Kailey Rodriguez', 'Eaque architecto minus doloremque id aliquam debitis non. Praesentium dolorem voluptate et voluptates quae.', '3', '2021-09-28 02:38:10', '2021-09-28 02:38:10'),
(122, 99, 'Bria Lynch PhD', 'Quo et est quam et molestiae aperiam doloribus voluptates. Vel praesentium doloribus numquam excepturi voluptatibus. Quia ut veniam et quam sapiente aspernatur quaerat. Cum consequatur error harum porro asperiores.', '1', '2021-09-28 02:38:10', '2021-09-28 02:38:10'),
(123, 22, 'Gussie Dietrich', 'Illum maxime at id. Qui non totam sapiente beatae nemo praesentium at.', '4', '2021-09-28 02:38:10', '2021-09-28 02:38:10'),
(124, 56, 'Prof. Hugh Walsh', 'Est voluptatum velit repellendus. Nihil dolorem quod fuga dolore et officiis blanditiis. Atque quisquam alias at reprehenderit rerum et quisquam.', '1', '2021-09-28 02:38:10', '2021-09-28 02:38:10'),
(125, 97, 'Prof. Ebba Considine', 'Eos beatae autem quia aspernatur. Dolorem enim omnis odit et minus.', '3', '2021-09-28 02:38:10', '2021-09-28 02:38:10'),
(126, 30, 'Mr. Frederick Olson DVM', 'Asperiores vitae ut ad voluptatem. In ut quia error mollitia dolorem magni vel accusantium. Quis harum quidem quasi incidunt corrupti qui. Autem et at unde dolorum esse.', '3', '2021-09-28 02:38:10', '2021-09-28 02:38:10'),
(127, 35, 'Mr. Korey Bode', 'Non sed est corporis provident enim. Unde ab nesciunt porro sit aliquid assumenda aperiam error. Asperiores autem non et quisquam ea et eius neque.', '2', '2021-09-28 02:38:10', '2021-09-28 02:38:10'),
(128, 51, 'Gerson Graham', 'Esse pariatur id ex distinctio beatae blanditiis unde vel. Illo distinctio perferendis quia mollitia quisquam fugit aut. Modi facilis eligendi qui nostrum. Perspiciatis consequatur non omnis illo et atque. Aperiam adipisci est esse et.', '3', '2021-09-28 02:38:10', '2021-09-28 02:38:10'),
(129, 63, 'Dr. Conor Toy II', 'Accusamus aut atque id. Ut iure tempora odio dignissimos molestiae autem quia. Deleniti accusantium blanditiis sint nobis aut minima. Iusto soluta ut et sed atque.', '5', '2021-09-28 02:38:10', '2021-09-28 02:38:10'),
(130, 73, 'Camren Bahringer', 'Libero autem doloremque voluptate maxime sit nulla. Sint dolor illum rerum. Mollitia quia quam eum fuga soluta in incidunt. Quis voluptatibus consequatur aut asperiores maxime cum nihil explicabo.', '4', '2021-09-28 02:38:10', '2021-09-28 02:38:10'),
(131, 61, 'Jammie Runolfsdottir', 'Optio sequi enim provident. Nostrum alias velit perferendis nesciunt qui itaque id. Quibusdam voluptates ullam quia nisi odio perferendis. Sed eos harum error laborum deserunt tenetur voluptatem.', '0', '2021-09-28 02:38:10', '2021-09-28 02:38:10'),
(132, 77, 'Sallie Kihn', 'Dolorem odit et sed dolor et et eos. Quod officia aliquid recusandae omnis odit laudantium fugit similique. Adipisci nam sed qui sit.', '2', '2021-09-28 02:38:10', '2021-09-28 02:38:10'),
(133, 21, 'Zion Douglas', 'Ut consequatur esse culpa illum quae maxime. Inventore atque eaque inventore voluptatem maiores expedita quae. Voluptatibus voluptatem voluptates mollitia adipisci rem. Libero nemo non iusto consequatur maxime saepe cum consectetur.', '1', '2021-09-28 02:38:10', '2021-09-28 02:38:10'),
(134, 63, 'Dr. Clifford Corwin MD', 'Consequatur non modi et esse. Quaerat dolores eos dolorum fuga saepe voluptates in repudiandae. Quod eius labore aut sunt id. Numquam odio in in architecto autem voluptatem animi.', '4', '2021-09-28 02:38:10', '2021-09-28 02:38:10'),
(135, 88, 'Prof. Eliza Ledner Jr.', 'Amet et ipsum et perspiciatis dolore eius accusamus. Porro quidem velit porro aliquid dolores.', '5', '2021-09-28 02:38:11', '2021-09-28 02:38:11'),
(136, 45, 'Madge Rogahn', 'Molestiae quia occaecati qui. Et saepe ut dicta ea tempore qui. Dolore magni et similique.', '0', '2021-09-28 02:38:11', '2021-09-28 02:38:11'),
(137, 7, 'Anastasia Schaden II', 'Ipsum quaerat pariatur qui corrupti a ipsam. Eius quia qui eveniet. Maxime eius sint eveniet voluptatibus voluptas. Ipsa incidunt incidunt asperiores ab consequuntur.', '4', '2021-09-28 02:38:11', '2021-09-28 02:38:11'),
(138, 77, 'Thelma Nader', 'Excepturi labore ullam aspernatur consequatur omnis quia quia. Voluptas nobis itaque in voluptatem similique. Incidunt voluptatem necessitatibus rerum ratione ab. Dolore rerum molestias officia blanditiis quia doloribus.', '1', '2021-09-28 02:38:11', '2021-09-28 02:38:11'),
(139, 24, 'Cooper Ruecker', 'Et quas sit aut id. Placeat magnam iste quasi tenetur. Quasi molestiae nemo doloremque recusandae.', '5', '2021-09-28 02:38:11', '2021-09-28 02:38:11'),
(140, 38, 'Jeanne Goyette', 'Omnis sed esse expedita. Fuga quod ut et ipsam rem tenetur qui. Ea molestias recusandae consectetur ut reiciendis voluptatum in. Est eos voluptatum aspernatur sunt aut ut eveniet suscipit.', '2', '2021-09-28 02:38:11', '2021-09-28 02:38:11'),
(141, 25, 'Bonnie Strosin', 'Sapiente aut perferendis facilis rem vero earum a omnis. Ea a fuga provident accusamus sapiente nostrum facere. Quia iure nam fugit libero quo consequatur similique. Provident quidem nam omnis delectus accusamus ea iste.', '0', '2021-09-28 02:38:11', '2021-09-28 02:38:11'),
(142, 60, 'Jaden Kling', 'Minus similique molestiae laudantium veniam. Est ea sit fugiat repellendus dolorem sint. Est aut sit vitae doloremque et ea porro minima.', '3', '2021-09-28 02:38:11', '2021-09-28 02:38:11'),
(143, 30, 'Broderick Romaguera PhD', 'Consectetur et a sint rem sed. Porro ea dolor rerum. Perferendis nisi animi cum ratione consectetur nostrum placeat officia. Corporis facilis voluptate molestiae ex itaque. Officiis odio optio repellendus et sit.', '1', '2021-09-28 02:38:11', '2021-09-28 02:38:11'),
(144, 34, 'Katarina Langworth', 'Magnam quos eum dolore quod iure. Eaque sit ea nihil. Hic voluptate velit quidem officia impedit et laudantium et.', '3', '2021-09-28 02:38:11', '2021-09-28 02:38:11'),
(145, 50, 'Nigel Kuphal', 'Officiis aspernatur magnam quos minus. Et quod non dolor est ratione sit. Voluptatem ut eum ducimus nihil reprehenderit dolore. Dolorem quas libero aut voluptatem similique dolorem.', '0', '2021-09-28 02:38:11', '2021-09-28 02:38:11'),
(146, 26, 'Sim Daugherty', 'Non ea dolor totam et qui. Quidem molestiae molestiae adipisci voluptatum dignissimos atque eum. Rem natus nihil excepturi eos tenetur. Dolore laborum modi velit. Fuga exercitationem repellendus eaque repudiandae doloremque rerum ex nostrum.', '1', '2021-09-28 02:38:11', '2021-09-28 02:38:11'),
(147, 33, 'Prof. Fermin Cole', 'Quia voluptas consequuntur placeat provident. Eum temporibus amet consectetur consequatur impedit magni fugit incidunt. Nobis dolores atque excepturi eum.', '1', '2021-09-28 02:38:11', '2021-09-28 02:38:11'),
(148, 84, 'Mr. Bernardo Kerluke II', 'Qui quam aliquid tenetur omnis velit eos. Nobis est enim nemo harum deserunt. Doloremque quisquam occaecati distinctio itaque fugiat rerum voluptates.', '4', '2021-09-28 02:38:11', '2021-09-28 02:38:11'),
(149, 28, 'Raphaelle Toy', 'Consequatur quibusdam distinctio quia maxime magnam ab voluptas. Blanditiis animi minima mollitia quia incidunt eius. Qui sit dolorem explicabo neque. Voluptate veritatis et ea deserunt maiores voluptatum vero.', '3', '2021-09-28 02:38:11', '2021-09-28 02:38:11'),
(150, 40, 'Selmer Mayer', 'Sit laudantium voluptas nisi dolor. Velit ut vel deleniti molestiae. Nesciunt eligendi qui in rerum.', '2', '2021-09-28 02:38:12', '2021-09-28 02:38:12'),
(151, 49, 'Jennifer Ritchie V', 'Voluptatem quia et atque repellat debitis. Ut et omnis et qui et qui esse. Reiciendis sed nemo assumenda.', '4', '2021-09-28 02:38:12', '2021-09-28 02:38:12'),
(152, 43, 'Gerry Murray', 'Consequatur ab molestiae nulla repellendus. Corrupti accusamus et ut. Nihil sequi quas exercitationem a sit molestiae quo. Dolores earum ut molestias est qui natus.', '2', '2021-09-28 02:38:12', '2021-09-28 02:38:12'),
(153, 84, 'Dr. Verdie Crona II', 'Et quas et voluptates voluptatem eos non consequatur facilis. Iusto et adipisci velit pariatur. Omnis laborum et sed ut et.', '4', '2021-09-28 02:38:12', '2021-09-28 02:38:12'),
(154, 71, 'Al Bailey', 'Similique quia odio soluta ut eveniet molestiae tenetur. Similique nihil qui dolorem dolore voluptas. Excepturi delectus et molestiae quo. Ipsa iste perferendis consequatur reprehenderit eum.', '3', '2021-09-28 02:38:12', '2021-09-28 02:38:12'),
(155, 36, 'Joana Wisoky', 'Possimus adipisci fugit quidem molestias sunt. Similique sunt aut vel asperiores quia sed. Nemo beatae qui adipisci ut non sed necessitatibus. Libero et quaerat voluptas minima.', '5', '2021-09-28 02:38:12', '2021-09-28 02:38:12'),
(156, 18, 'Bruce Bernhard MD', 'Quia laborum quos vero laboriosam aliquam. Et libero saepe laborum est eveniet consequatur alias quis. Ipsam rerum quia sed ipsam sint.', '2', '2021-09-28 02:38:12', '2021-09-28 02:38:12'),
(157, 59, 'Angelica Yost', 'Blanditiis voluptatem impedit voluptatem odio quia cum. Architecto voluptatem non et nobis. Quia autem eius dolor quisquam. Totam dolores dolorem est expedita similique.', '0', '2021-09-28 02:38:12', '2021-09-28 02:38:12'),
(158, 53, 'Prof. Marta Bogisich', 'Aperiam praesentium autem iste et est dolore eligendi. Culpa ad doloribus est quia velit iste fugit. Voluptas est consequatur labore dolorem quia numquam.', '3', '2021-09-28 02:38:12', '2021-09-28 02:38:12'),
(159, 35, 'Fiona Baumbach', 'Sequi eum quia eaque numquam optio. Minus ratione in consequatur illo ab. Voluptatem voluptate quas quia occaecati laudantium incidunt.', '4', '2021-09-28 02:38:12', '2021-09-28 02:38:12'),
(160, 58, 'Fred Ondricka', 'Vel eum animi temporibus amet sapiente dolor. Et ut ab nemo cupiditate similique ut et est. Optio necessitatibus aspernatur ut dolores.', '1', '2021-09-28 02:38:12', '2021-09-28 02:38:12'),
(161, 77, 'Marisa O\'Keefe', 'Similique delectus reiciendis nobis sit dicta mollitia sequi. Labore non et illo ducimus voluptatem a. Omnis mollitia quam veritatis ratione molestiae quis autem. Possimus sed dolorum repellendus quis vero qui.', '2', '2021-09-28 02:38:12', '2021-09-28 02:38:12'),
(162, 77, 'Izaiah Mertz', 'Excepturi voluptatem veritatis est qui placeat perspiciatis asperiores. Assumenda dolorem voluptas error laudantium corporis. Itaque aliquam facere qui et praesentium. Doloremque autem voluptatum et enim vel voluptatem cupiditate.', '1', '2021-09-28 02:38:12', '2021-09-28 02:38:12'),
(163, 30, 'Rowena Ebert', 'Dolores eos sint est fuga voluptate non. Voluptatem est voluptates illum aut ducimus aut sit. Magni aut et at et accusantium eius delectus autem.', '0', '2021-09-28 02:38:12', '2021-09-28 02:38:12'),
(164, 41, 'Brianne Emard', 'Ipsum pariatur aspernatur illum id sint et veniam quisquam. Soluta sed tenetur atque similique. Ullam aspernatur itaque inventore veniam a ullam eligendi possimus. Eum et et qui maiores et.', '3', '2021-09-28 02:38:12', '2021-09-28 02:38:12'),
(165, 87, 'Tobin Leuschke', 'Placeat nemo ex nihil ab dolor. Aut perspiciatis perferendis ut perferendis maxime et nihil voluptatum. Accusantium minus iste nisi.', '1', '2021-09-28 02:38:13', '2021-09-28 02:38:13'),
(166, 65, 'Amani Lemke', 'Ipsam enim sapiente quidem doloremque. Quibusdam recusandae distinctio vero et maiores. Non assumenda voluptas aut dignissimos. Excepturi ut natus magni fuga iure.', '2', '2021-09-28 02:38:13', '2021-09-28 02:38:13'),
(167, 80, 'Ansley Moen', 'Cum animi culpa quod totam quibusdam. Fugiat aspernatur numquam aspernatur. Laboriosam vel et laboriosam natus velit et.', '2', '2021-09-28 02:38:13', '2021-09-28 02:38:13'),
(168, 74, 'Aidan Abernathy', 'Numquam ut ut dolores. Magni est reiciendis aperiam modi.', '0', '2021-09-28 02:38:13', '2021-09-28 02:38:13'),
(169, 26, 'Prof. Tierra Huels DDS', 'Sed culpa mollitia omnis rerum eum. A libero voluptas sed molestias quasi facere. Id voluptatem qui dolor libero fugiat. Inventore sint porro mollitia rem mollitia.', '2', '2021-09-28 02:38:13', '2021-09-28 02:38:13'),
(170, 5, 'Milford Stanton', 'Sunt excepturi atque accusantium et. Possimus dignissimos voluptatem maiores ullam.', '5', '2021-09-28 02:38:13', '2021-09-28 02:38:13'),
(171, 32, 'Karley Collier', 'Repudiandae excepturi quas quo deserunt dicta quo dignissimos. Et reiciendis nobis maiores aperiam tempora minus dolores. Sint exercitationem pariatur quia veniam rem consequatur.', '4', '2021-09-28 02:38:13', '2021-09-28 02:38:13'),
(172, 14, 'Sylvan Mraz Jr.', 'Velit eaque nemo enim quas sint ipsum. Praesentium omnis alias incidunt molestiae harum voluptatem. Dolor non harum enim.', '3', '2021-09-28 02:38:13', '2021-09-28 02:38:13'),
(173, 100, 'Darrick Bechtelar', 'Reprehenderit odio est illo a perferendis harum voluptates. Nihil in ullam officia quia illum voluptatem. At aspernatur voluptatum voluptatem veritatis. Amet quo ex sit et ut.', '0', '2021-09-28 02:38:13', '2021-09-28 02:38:13'),
(174, 37, 'Myriam Johnson Sr.', 'Assumenda aut quidem nulla eum in rem deserunt. Earum qui recusandae nisi qui. Voluptates fugiat nam cum enim consectetur quo quas expedita.', '1', '2021-09-28 02:38:13', '2021-09-28 02:38:13'),
(175, 65, 'Dr. Nola Larson V', 'Porro voluptatem sit voluptatem aliquid reiciendis voluptatem. Earum rem velit eos. Eligendi eos facere quis aspernatur laboriosam sit quaerat. Numquam blanditiis dolores voluptas culpa autem officiis.', '4', '2021-09-28 02:38:13', '2021-09-28 02:38:13'),
(176, 86, 'Tomas Mante', 'Nihil rerum ipsa sit nesciunt impedit qui sit tempora. Culpa dicta eligendi maxime nihil esse. Enim perferendis mollitia ab corporis tenetur velit rem. Inventore omnis libero delectus velit cumque et consequatur ipsam.', '5', '2021-09-28 02:38:13', '2021-09-28 02:38:13'),
(177, 4, 'Lewis Schimmel Jr.', 'Quaerat et recusandae quia eos. Sed qui alias voluptas totam dolores est cupiditate. Quaerat illum ea ab ab odit.', '4', '2021-09-28 02:38:13', '2021-09-28 02:38:13'),
(178, 14, 'Shanna Veum', 'Sit consequatur illo et omnis tenetur maiores. Voluptates debitis est praesentium hic adipisci commodi laudantium omnis. Minima autem recusandae autem dolor velit. Dolorum aspernatur qui nisi dignissimos.', '4', '2021-09-28 02:38:13', '2021-09-28 02:38:13'),
(179, 65, 'Lincoln Abernathy', 'Sit quam laboriosam odio eaque omnis sapiente. Magni maiores consequuntur consequatur distinctio quasi necessitatibus. Aut voluptatem debitis corporis voluptas. Maiores consequuntur placeat aut autem.', '5', '2021-09-28 02:38:13', '2021-09-28 02:38:13'),
(180, 69, 'Pinkie Towne', 'Eveniet ab blanditiis eaque officiis. Ut quo ea iure consequatur doloremque delectus aut.', '4', '2021-09-28 02:38:13', '2021-09-28 02:38:13'),
(181, 1, 'Donny Schuster', 'Impedit voluptates molestias est cupiditate. Modi dolores similique esse dicta voluptatem architecto. Architecto incidunt aut sed repellendus fugit. Ex ullam commodi neque saepe distinctio commodi culpa.', '0', '2021-09-28 02:38:13', '2021-09-28 02:38:13'),
(182, 75, 'Emil Auer', 'Corrupti dolorem enim ab quis ut porro non neque. Molestias nihil iste est et. Facere blanditiis necessitatibus maxime quod.', '4', '2021-09-28 02:38:13', '2021-09-28 02:38:13'),
(183, 29, 'Ms. Karlee Boyle', 'Ut ipsa explicabo fuga eaque. Aliquam minus ab ut hic. Cumque alias laborum cupiditate qui ipsam dignissimos. Nobis sed rem ex molestiae.', '5', '2021-09-28 02:38:14', '2021-09-28 02:38:14'),
(184, 84, 'Stanley Kerluke', 'Tenetur quo blanditiis quibusdam officiis assumenda ipsum qui magni. Atque temporibus quidem accusantium placeat placeat.', '2', '2021-09-28 02:38:14', '2021-09-28 02:38:14'),
(185, 57, 'Cordie Pollich', 'Modi eveniet dolorum ab sint ex earum. Voluptatem pariatur quisquam qui aliquam amet commodi. Corrupti eos eius velit aliquam recusandae aut et. Autem debitis ducimus consectetur architecto animi provident nihil.', '1', '2021-09-28 02:38:14', '2021-09-28 02:38:14'),
(186, 72, 'Mrs. Hildegard Aufderhar I', 'Pariatur incidunt explicabo rerum necessitatibus soluta dolorem enim tempore. Et exercitationem nihil voluptatum consequatur. Dolores dolor modi nihil fugiat hic aliquid cupiditate similique. Mollitia nihil esse sed quis.', '2', '2021-09-28 02:38:14', '2021-09-28 02:38:14'),
(187, 3, 'Prof. Woodrow Orn PhD', 'Aut corrupti molestiae accusamus est aliquam aperiam aperiam suscipit. Eum delectus inventore corporis velit assumenda. Dolor maiores doloremque quasi sit.', '3', '2021-09-28 02:38:14', '2021-09-28 02:38:14'),
(188, 96, 'Jarod Nikolaus', 'Debitis libero non in porro. Iure a tempora et necessitatibus consectetur. Earum quibusdam tenetur qui veritatis molestiae nostrum rerum.', '2', '2021-09-28 02:38:14', '2021-09-28 02:38:14'),
(189, 42, 'Bethel Pacocha', 'Dicta animi ab modi iusto possimus a. Dolore aut est quibusdam molestiae. Amet sit labore nisi nulla rerum.', '3', '2021-09-28 02:38:14', '2021-09-28 02:38:14'),
(190, 94, 'Felipa Rippin', 'Molestiae earum nisi ut eveniet fugiat ut sed. Quae voluptatem ut pariatur et exercitationem voluptatem autem tenetur. Aliquid eveniet soluta accusamus tenetur rerum.', '3', '2021-09-28 02:38:14', '2021-09-28 02:38:14'),
(191, 68, 'Jennyfer Jacobi', 'Et inventore dolor ipsum nobis voluptatem nostrum. Eos dolores dolor accusamus odit rerum autem. Rem omnis laborum est non quos. Ut perferendis fuga animi unde.', '2', '2021-09-28 02:38:14', '2021-09-28 02:38:14'),
(192, 68, 'Dannie Kessler', 'Velit beatae provident cupiditate sit. Eos repellat sed quos consequatur cumque aliquam. Mollitia nobis et ut iure.', '4', '2021-09-28 02:38:14', '2021-09-28 02:38:14'),
(193, 46, 'Sierra Boyle', 'Ab provident doloribus nisi vel minima laudantium. Sunt sunt deleniti et non qui. Sed vel ducimus facere omnis velit delectus. Ut aut sequi repellat optio ipsum. Autem autem quam animi aut.', '0', '2021-09-28 02:38:14', '2021-09-28 02:38:14'),
(194, 11, 'Kyler Grant', 'Soluta nostrum quis accusamus. Libero magnam praesentium eaque maxime aut iste delectus. Eligendi est dignissimos officia illum rerum aut.', '5', '2021-09-28 02:38:14', '2021-09-28 02:38:14'),
(195, 49, 'Catharine Von', 'Eum amet dolorum fugit. Consequatur quisquam voluptas vel quas unde. Minima doloremque fugiat quia dolore.', '3', '2021-09-28 02:38:15', '2021-09-28 02:38:15'),
(196, 55, 'Ethelyn Lebsack I', 'Sequi nam ut dolorem dignissimos voluptas odio. Unde rerum possimus harum in. Non voluptatem qui omnis eum perferendis ut illo.', '0', '2021-09-28 02:38:15', '2021-09-28 02:38:15'),
(197, 31, 'Miss Phyllis Schroeder V', 'Non explicabo ab quibusdam aut tempora aut nulla. Accusamus eos voluptatem corrupti dolorem ex et. Pariatur aperiam corporis similique voluptatem quo laboriosam.', '4', '2021-09-28 02:38:15', '2021-09-28 02:38:15'),
(198, 99, 'Trace Williamson', 'Possimus facilis et assumenda. Aut eligendi rem tenetur perspiciatis at dolorum. Laborum repellat ullam quas et eveniet pariatur sunt. Sapiente ipsa et odit quia illo.', '3', '2021-09-28 02:38:15', '2021-09-28 02:38:15'),
(199, 68, 'Prof. Rylee Barrows', 'Consequatur facere aliquam dolorem. Similique aut dolorem sed rem tempora sunt. Est cumque et quia commodi et officia.', '5', '2021-09-28 02:38:15', '2021-09-28 02:38:15'),
(200, 24, 'Jasmin Leffler', 'Iusto et officia aliquid dolores quia. Velit impedit maxime dolores dolorem. Et ut harum doloribus atque quod qui quis. Dolorem sed fugit quod.', '4', '2021-09-28 02:38:15', '2021-09-28 02:38:15'),
(201, 1, 'Lauren Stracke', 'Voluptas exercitationem debitis ab aut dicta. Ex fugit ut quia provident exercitationem. Voluptate ipsum iure voluptate ut. Repudiandae ut voluptate deleniti exercitationem ab omnis odit.', '4', '2021-09-28 02:38:15', '2021-09-28 02:38:15'),
(202, 44, 'Kaycee Sauer', 'Rem maxime repellat libero porro. Animi consectetur voluptatibus id. Ea at et id temporibus perspiciatis odio. Et pariatur modi ut iusto ab.', '5', '2021-09-28 02:38:15', '2021-09-28 02:38:15');
INSERT INTO `reviews` (`id`, `product_id`, `customer`, `review`, `star`, `created_at`, `updated_at`) VALUES
(203, 3, 'Prof. Kali Murphy', 'Est assumenda beatae laboriosam est esse beatae assumenda. Iure atque voluptatem illo. Saepe quia veniam debitis necessitatibus exercitationem. Atque nihil minima nisi repudiandae est delectus voluptas.', '2', '2021-09-28 02:38:15', '2021-09-28 02:38:15'),
(204, 92, 'Alden Rohan', 'Vel vero quaerat est possimus tempora voluptas. Rem asperiores nemo fugit velit error velit nobis. Eius voluptas facere quisquam est aspernatur.', '5', '2021-09-28 02:38:15', '2021-09-28 02:38:15'),
(205, 9, 'Zachariah Littel', 'Sint dolor rerum sed adipisci eius veniam. Et tempore doloribus perspiciatis.', '1', '2021-09-28 02:38:15', '2021-09-28 02:38:15'),
(206, 57, 'Julianne Hintz V', 'Error animi et explicabo veniam. Itaque nobis iure voluptates eum fuga voluptatibus consectetur. Expedita accusantium ducimus numquam ab ea et.', '5', '2021-09-28 02:38:15', '2021-09-28 02:38:15'),
(207, 3, 'Margaret Willms MD', 'Nobis voluptates ut omnis. Qui laboriosam possimus culpa qui. Doloribus enim voluptas magni labore voluptatem.', '4', '2021-09-28 02:38:15', '2021-09-28 02:38:15'),
(208, 99, 'Mr. Kristofer Aufderhar', 'Voluptatem consequatur labore accusamus ipsa quidem sed sit. Maiores ipsa quis aut impedit. Aut qui est delectus explicabo sit. Vel iusto minima a iste qui exercitationem delectus corporis.', '2', '2021-09-28 02:38:15', '2021-09-28 02:38:15'),
(209, 20, 'Lisette Mertz', 'Et id est corrupti vero. Nostrum beatae nemo repellendus et. Accusantium hic maxime qui saepe totam. Est in facere error asperiores est.', '3', '2021-09-28 02:38:16', '2021-09-28 02:38:16'),
(210, 71, 'Logan Schuster', 'Atque a in optio earum totam. Velit voluptas voluptatem dolorem praesentium. Eveniet occaecati iste eveniet qui occaecati vel distinctio. Rerum iusto sed ducimus vitae aliquam.', '1', '2021-09-28 02:38:16', '2021-09-28 02:38:16'),
(211, 8, 'Royce Roob', 'Nobis eum cupiditate soluta aliquid est blanditiis autem velit. Sunt hic odio sed deserunt quod odio quo eum. Modi asperiores nulla non iusto. Temporibus recusandae voluptate quia aspernatur.', '0', '2021-09-28 02:38:16', '2021-09-28 02:38:16'),
(212, 85, 'Winona Kohler DVM', 'Ex sint adipisci aut. Sit minus modi est velit. Magni aspernatur aliquam et.', '5', '2021-09-28 02:38:16', '2021-09-28 02:38:16'),
(213, 51, 'Jeffrey Lockman PhD', 'Voluptatum non asperiores repellendus facilis. Placeat rerum officiis dignissimos. Saepe suscipit voluptatem facilis necessitatibus qui molestias sed.', '3', '2021-09-28 02:38:16', '2021-09-28 02:38:16'),
(214, 74, 'Emelia Stokes', 'Ea aspernatur et ex quis. Itaque omnis commodi qui facilis nesciunt. Quia veniam eum temporibus vel ut veritatis.', '2', '2021-09-28 02:38:16', '2021-09-28 02:38:16'),
(215, 51, 'Lee Ernser', 'Et culpa nesciunt eaque voluptatem. Consequatur rerum ut minus qui est. Aut odit excepturi qui et quas autem. Sint et aliquam a dignissimos dicta possimus quos.', '3', '2021-09-28 02:38:16', '2021-09-28 02:38:16'),
(216, 61, 'Mr. Andre Beer PhD', 'Ut asperiores dolores repellendus repudiandae rerum. Ab rerum accusantium laudantium ab et doloremque. Beatae voluptatem tempora eius ut consequatur.', '3', '2021-09-28 02:38:16', '2021-09-28 02:38:16'),
(217, 69, 'Eriberto Paucek', 'Et dolorem et ut maiores quia. Dolores rerum laudantium sit nihil.', '0', '2021-09-28 02:38:16', '2021-09-28 02:38:16'),
(218, 27, 'Francisca Wolff', 'Aut molestiae nemo temporibus sit in a. Assumenda et voluptatem consequatur sint. Illo beatae et eum consequatur tempore saepe non. Vero atque laudantium iure sint laborum. Delectus sequi aliquid fugit consectetur fugiat non.', '1', '2021-09-28 02:38:16', '2021-09-28 02:38:16'),
(219, 71, 'Adolphus McDermott', 'Et ullam voluptatem voluptas aut repellat sit. Explicabo sapiente cumque non facilis similique. Sint omnis at ab quia.', '1', '2021-09-28 02:38:16', '2021-09-28 02:38:16'),
(220, 12, 'Summer Howe', 'Suscipit similique repellendus modi odit distinctio sit dolorem. Similique quis excepturi ex eveniet aut cumque deleniti.', '4', '2021-09-28 02:38:16', '2021-09-28 02:38:16'),
(221, 83, 'Margarett Murray', 'Quaerat nihil nobis qui ipsum. Beatae dolores adipisci maiores sint. Fugiat autem veritatis voluptas.', '3', '2021-09-28 02:38:17', '2021-09-28 02:38:17'),
(222, 78, 'Ms. Lillie Hodkiewicz', 'Quo et corporis totam magnam pariatur nihil ex. Et mollitia aut nihil consectetur. Ut blanditiis delectus vero voluptas est consequatur. Voluptates vel sit voluptas.', '0', '2021-09-28 02:38:17', '2021-09-28 02:38:17'),
(223, 13, 'Karlee Koelpin', 'Molestiae tempore maiores molestiae laboriosam ex ad aut. Ipsam natus doloribus consequuntur rerum. Temporibus repellendus laudantium tenetur. Amet ea quibusdam facere beatae ratione.', '5', '2021-09-28 02:38:17', '2021-09-28 02:38:17'),
(224, 82, 'Melvin Ortiz', 'Consequuntur sit fuga veniam dolore perspiciatis corrupti soluta accusantium. Sit quam rerum voluptas sit molestiae dolorem reprehenderit. Veritatis maxime iusto ipsum repellat a molestiae sed laudantium. Labore et laboriosam eligendi est dignissimos sunt.', '1', '2021-09-28 02:38:17', '2021-09-28 02:38:17'),
(225, 23, 'Aurore Zieme', 'Ipsa unde aut id totam soluta sapiente corporis. Qui deleniti ut et. Delectus ut nam doloribus omnis perferendis ut qui aut. Quia aut tempore voluptates.', '1', '2021-09-28 02:38:17', '2021-09-28 02:38:17'),
(226, 75, 'Ofelia Strosin Jr.', 'Ea quasi voluptatem esse voluptas modi optio. Illo et aut praesentium ipsa omnis in deserunt ut. Qui culpa et cum aut repellat qui. Qui accusamus ut qui qui ullam.', '2', '2021-09-28 02:38:17', '2021-09-28 02:38:17'),
(227, 13, 'Stanford Lynch', 'Ratione voluptas in ut laborum numquam. Rem ea neque non ut atque voluptas. Ab laborum accusamus quo qui. Est maiores eius nesciunt.', '3', '2021-09-28 02:38:17', '2021-09-28 02:38:17'),
(228, 22, 'Sammy Doyle', 'Neque illo numquam tempora veniam cum eveniet repellendus corporis. Vero iusto reiciendis eveniet molestiae. A aliquam et aliquid minus accusamus. Illo ea similique dicta nihil in vitae consequatur.', '0', '2021-09-28 02:38:17', '2021-09-28 02:38:17'),
(229, 36, 'Lauren Feil', 'Accusamus aut hic id explicabo placeat corrupti molestiae et. Architecto iste sequi ipsum aut aut.', '0', '2021-09-28 02:38:17', '2021-09-28 02:38:17'),
(230, 82, 'Elroy Bednar', 'Eveniet repellat autem accusamus enim qui. Sit velit accusamus voluptas commodi et ut maxime. Quos voluptatem non facilis molestiae quidem ut.', '5', '2021-09-28 02:38:17', '2021-09-28 02:38:17'),
(231, 28, 'Dr. Madge Schowalter', 'Laboriosam non quod aut quis error a architecto. Impedit repellat aliquam placeat fugit. Enim necessitatibus dolorem nisi voluptas iusto et sequi.', '2', '2021-09-28 02:38:17', '2021-09-28 02:38:17'),
(232, 86, 'Miracle Batz IV', 'Inventore eveniet ullam et ut nostrum. Quia laboriosam exercitationem provident. Harum excepturi rerum asperiores vitae dolorem. Minima consequatur sapiente officia.', '1', '2021-09-28 02:38:17', '2021-09-28 02:38:17'),
(233, 84, 'Jerry Cassin', 'Totam qui et vel libero delectus nobis. Natus voluptatem non minima blanditiis. Hic pariatur adipisci ut velit voluptatem ex qui. Rerum aspernatur aperiam facere velit et corporis nihil.', '1', '2021-09-28 02:38:17', '2021-09-28 02:38:17'),
(234, 30, 'Maritza Simonis', 'Provident dignissimos voluptate quis aut ipsum consequatur ut. Reprehenderit ea non incidunt. Quo et ducimus voluptatem blanditiis voluptas et voluptate.', '2', '2021-09-28 02:38:18', '2021-09-28 02:38:18'),
(235, 60, 'Pierre Yundt', 'Ab magnam ex ut quisquam vero neque laudantium. Maxime perspiciatis modi nobis iure. Rerum mollitia voluptatem et sed commodi saepe.', '3', '2021-09-28 02:38:18', '2021-09-28 02:38:18'),
(236, 39, 'Clarissa Fritsch III', 'Facere laborum dolor in sequi soluta magni. Fugiat voluptas hic doloremque ut est. Quia sunt accusamus animi aut.', '0', '2021-09-28 02:38:18', '2021-09-28 02:38:18'),
(237, 95, 'Ashlynn Nikolaus II', 'Magni neque consequuntur quia quis enim. Dignissimos similique itaque voluptatibus. Excepturi aperiam et odio. Eum distinctio sit beatae cum voluptas ut accusantium.', '0', '2021-09-28 02:38:18', '2021-09-28 02:38:18'),
(238, 100, 'Ms. Mallie Padberg IV', 'Soluta quo recusandae sit adipisci magnam vero. Labore consequatur earum dolorem ipsam rerum perferendis sed. Nulla iusto aut voluptas mollitia.', '5', '2021-09-28 02:38:18', '2021-09-28 02:38:18'),
(239, 96, 'Jason Harris', 'Tempora ullam non quo atque. Quis qui rerum eos libero omnis. Nisi itaque debitis ea. Rerum et voluptatem cum iure ad fuga.', '2', '2021-09-28 02:38:18', '2021-09-28 02:38:18'),
(240, 97, 'Evans Hills', 'Aut rerum omnis debitis suscipit est tempora reiciendis sunt. Necessitatibus laborum et assumenda delectus dolores illo.', '5', '2021-09-28 02:38:18', '2021-09-28 02:38:18'),
(241, 70, 'Lauren Schinner', 'Est ratione aut molestias quidem consequatur qui. Est et dolorum mollitia et libero velit eum sapiente. Provident veritatis quo autem fugiat ipsum corrupti facere. A temporibus fuga error in. Quisquam sint non quibusdam cum atque non quia.', '4', '2021-09-28 02:38:18', '2021-09-28 02:38:18'),
(242, 39, 'Dr. Emmalee Jerde', 'Error quia sequi consectetur corporis dolorum est. Corrupti molestias minima cum unde est voluptatem. Rerum error voluptatum itaque.', '4', '2021-09-28 02:38:18', '2021-09-28 02:38:18'),
(243, 66, 'Dr. Eloise Hermann', 'Fuga similique ipsa a consequatur nisi enim nulla. Iure quasi rerum ipsa non.', '5', '2021-09-28 02:38:18', '2021-09-28 02:38:18'),
(244, 81, 'Billy Tillman', 'Sunt laboriosam dolorem nulla qui eveniet perspiciatis ut. Maxime voluptatem atque aut consequuntur sint at temporibus qui. Neque quo molestiae nihil aliquid. Et fugit labore reiciendis voluptates rerum.', '1', '2021-09-28 02:38:18', '2021-09-28 02:38:18'),
(245, 50, 'Hillard Bogisich', 'Sint esse velit minus sunt velit nulla aspernatur. Itaque qui non sint suscipit. Veniam quos aliquam ut nihil laudantium dignissimos accusamus placeat. Eveniet quam qui voluptate.', '3', '2021-09-28 02:38:19', '2021-09-28 02:38:19'),
(246, 80, 'Mrs. Cheyenne West', 'Similique aperiam iusto hic. Iste et autem tempore illum eos at.', '1', '2021-09-28 02:38:19', '2021-09-28 02:38:19'),
(247, 90, 'Dana Effertz', 'Nisi voluptatem hic et sunt officiis ea ut. Et quisquam veritatis modi non. Consequatur architecto in facilis nesciunt quo rem.', '2', '2021-09-28 02:38:19', '2021-09-28 02:38:19'),
(248, 36, 'Jerald Kilback', 'Sunt sunt recusandae non dolores magni a dolorem. Rerum in beatae et.', '0', '2021-09-28 02:38:19', '2021-09-28 02:38:19'),
(249, 89, 'Mr. Brook Erdman', 'Totam ut incidunt voluptatibus et labore aut. Aut blanditiis officiis eum repellendus ullam. Harum labore voluptatem nemo eos cumque molestias aliquam. Dolore nihil suscipit veritatis hic deleniti est.', '2', '2021-09-28 02:38:19', '2021-09-28 02:38:19'),
(250, 78, 'Lauriane Thompson', 'Harum quia voluptatem aliquam voluptas officia voluptates id qui. In rerum corrupti maxime quaerat eum rerum vel non. Aut commodi ipsam alias natus quasi. Incidunt facere nemo eius ut qui est.', '3', '2021-09-28 02:38:19', '2021-09-28 02:38:19'),
(251, 34, 'Tia Nitzsche', 'A similique sint et voluptatem debitis quos. Optio sed est sunt eos quo sed. Et aut est ut enim corporis qui. Unde atque eveniet quibusdam pariatur distinctio voluptatem error.', '5', '2021-09-28 02:38:19', '2021-09-28 02:38:19'),
(252, 32, 'Dr. Oswald Durgan V', 'Nesciunt fuga id officiis beatae qui hic. Qui quibusdam praesentium magni omnis. Harum odit nostrum natus et facere quam eum. Fugit nemo assumenda iusto aliquid tempore assumenda sapiente. Omnis enim temporibus sint dolorem.', '5', '2021-09-28 02:38:19', '2021-09-28 02:38:19'),
(253, 43, 'Junior Rolfson', 'Architecto quod consequatur hic deserunt officiis. Provident doloremque sit reiciendis voluptas rem doloribus unde. Blanditiis sed omnis voluptas a et eum beatae. Quis perspiciatis minima et magni quia tempore. Commodi aspernatur sit maiores.', '3', '2021-09-28 02:38:19', '2021-09-28 02:38:19'),
(254, 42, 'Sydney Kilback I', 'Sint quo saepe odit iste consequatur impedit earum voluptatem. Voluptatem suscipit doloribus rerum fugiat ut. Provident maxime dicta qui dicta similique saepe rerum.', '1', '2021-09-28 02:38:19', '2021-09-28 02:38:19'),
(255, 100, 'Tillman Legros', 'Iusto illum voluptas dolor placeat doloremque. Est omnis quo aperiam omnis dolores qui. Consequatur necessitatibus numquam maiores explicabo quasi.', '2', '2021-09-28 02:38:19', '2021-09-28 02:38:19'),
(256, 84, 'Dominic Beatty', 'Veritatis qui accusantium ut et. Consequatur repellat sint qui error. Sit dolorem officia expedita voluptatem assumenda qui.', '2', '2021-09-28 02:38:19', '2021-09-28 02:38:19'),
(257, 14, 'Brittany Dibbert', 'Non est voluptas doloremque ut sunt sit rerum. Modi vero quia impedit accusantium autem. Numquam vel earum placeat a. Repellat quia possimus nesciunt accusamus.', '2', '2021-09-28 02:38:19', '2021-09-28 02:38:19'),
(258, 41, 'Ara Monahan', 'Atque fugit temporibus voluptatem. Et atque aperiam ut qui qui quia. Provident ipsum et amet aut in et. Ipsum molestias aut repellat autem.', '4', '2021-09-28 02:38:19', '2021-09-28 02:38:19'),
(259, 94, 'Sharon Braun', 'Debitis tempora ipsum molestiae et reprehenderit deserunt. Aperiam vel in autem autem qui error molestiae. Sunt delectus explicabo et sed nemo. Quam sequi architecto placeat eligendi ipsam.', '4', '2021-09-28 02:38:19', '2021-09-28 02:38:19'),
(260, 95, 'Leon Altenwerth', 'Quas natus in voluptatibus. Voluptatem rerum animi quia ut quod. Fugiat sunt harum provident est accusantium natus cupiditate iste.', '5', '2021-09-28 02:38:19', '2021-09-28 02:38:19'),
(261, 88, 'Dr. Ivory Huel', 'Nesciunt cumque maiores optio. Et corrupti omnis labore consequatur nemo ut. Eum nobis quo adipisci possimus eaque veniam. Voluptate asperiores est est asperiores nesciunt.', '0', '2021-09-28 02:38:20', '2021-09-28 02:38:20'),
(262, 82, 'Beryl Hudson', 'Non omnis dolores ratione veniam. Aut enim consequuntur harum est cupiditate. Sit laudantium maxime et qui voluptas expedita veritatis consequatur. Qui dolor minima dolor illo aut.', '5', '2021-09-28 02:38:20', '2021-09-28 02:38:20'),
(263, 27, 'Dr. Wilford Bahringer', 'Consectetur ut id repellat. Iste possimus nisi aut quas. Dignissimos quo libero placeat molestiae id voluptatem nobis.', '3', '2021-09-28 02:38:20', '2021-09-28 02:38:20'),
(264, 19, 'Gussie McCullough', 'Voluptatibus quo deleniti vel ab. Omnis autem quia voluptas doloremque. Cumque commodi sunt facilis ut ut deleniti. Sit ab asperiores magnam ea accusantium veniam.', '1', '2021-09-28 02:38:20', '2021-09-28 02:38:20'),
(265, 2, 'Miss Liliane Dickens', 'In aliquam magnam quae commodi praesentium. Vel et et non soluta nihil nihil vel. Rerum velit fuga incidunt dolore sit.', '3', '2021-09-28 02:38:20', '2021-09-28 02:38:20'),
(266, 72, 'Elsa O\'Kon MD', 'Qui nihil temporibus sequi hic harum ab necessitatibus praesentium. Ratione veritatis dolores recusandae aspernatur excepturi tempora. Quisquam fugit et alias adipisci ullam. Et quia amet totam rerum rerum recusandae.', '4', '2021-09-28 02:38:20', '2021-09-28 02:38:20'),
(267, 30, 'Carmel Pollich', 'Ut architecto esse ipsa. Porro illo enim quam quae aut ut. Adipisci fugit et omnis. Et voluptate totam voluptatem laborum.', '2', '2021-09-28 02:38:20', '2021-09-28 02:38:20'),
(268, 7, 'Leanna Cole', 'Qui facere et totam id. Quia qui fugit sunt quo dolorem repellendus. Non ullam similique aut quaerat maiores illo.', '3', '2021-09-28 02:38:20', '2021-09-28 02:38:20'),
(269, 75, 'Prof. Don McDermott', 'Culpa quo tenetur dicta ut libero aut dolorem. Non molestiae atque nihil illum aliquid qui consequuntur id. Quis voluptatem eveniet sed cum. Rem aut natus sit est dolorem.', '4', '2021-09-28 02:38:20', '2021-09-28 02:38:20'),
(270, 74, 'Golda Dibbert', 'Quaerat iure est quas nam et. Commodi non aliquam voluptatem placeat sit sint. Architecto et sed facilis assumenda. Maxime voluptas et dolores veniam excepturi omnis nihil.', '5', '2021-09-28 02:38:20', '2021-09-28 02:38:20'),
(271, 35, 'Florian Terry', 'Tempore qui amet beatae. Nobis commodi et eius cum itaque vel sed. Vero omnis maxime consequatur repudiandae sit quibusdam.', '4', '2021-09-28 02:38:20', '2021-09-28 02:38:20'),
(272, 30, 'Margarita Jakubowski', 'Minima nihil nemo veniam qui deleniti culpa. Magnam eum ratione ipsa fuga eaque sint. Et nihil id inventore reprehenderit quo quidem fuga.', '5', '2021-09-28 02:38:20', '2021-09-28 02:38:20'),
(273, 21, 'Verla Ullrich', 'Voluptatibus similique aliquid eos et. Ullam culpa iusto at ut error. Maiores tempora ea autem quia consequatur incidunt voluptatem et. Reiciendis blanditiis doloribus eum pariatur officia.', '5', '2021-09-28 02:38:20', '2021-09-28 02:38:20'),
(274, 77, 'Mrs. Ines Stark MD', 'Accusamus veniam assumenda sunt voluptatem. Ducimus quia architecto explicabo ea accusamus odit. Corrupti ullam quis culpa hic iste soluta.', '3', '2021-09-28 02:38:20', '2021-09-28 02:38:20'),
(275, 77, 'Jayce Gusikowski', 'Et molestiae eaque facere nulla laudantium voluptas praesentium. Veniam accusantium dolore nesciunt consequatur necessitatibus. Voluptatibus consequatur quo voluptatibus vero itaque.', '0', '2021-09-28 02:38:21', '2021-09-28 02:38:21'),
(276, 51, 'Lew Ferry', 'Officia dicta vel et officia sint fugiat quis et. Incidunt et voluptatem sed optio dolore. Quam blanditiis velit asperiores a quasi et veniam.', '4', '2021-09-28 02:38:21', '2021-09-28 02:38:21'),
(277, 98, 'Blair Jones', 'Excepturi illum molestiae adipisci soluta quia perspiciatis omnis sit. Commodi est et quia tenetur qui. Cupiditate explicabo est vel iusto officiis repellat omnis deserunt. Eaque aut doloremque occaecati ratione quam quos.', '4', '2021-09-28 02:38:21', '2021-09-28 02:38:21'),
(278, 6, 'Emiliano Bashirian', 'Quos deserunt iusto exercitationem dolore voluptate et voluptatem. Ut soluta eaque provident corrupti temporibus. Aperiam qui tenetur officiis sint quod repudiandae eos aut. Consequatur consequuntur consequuntur optio rerum est repudiandae.', '4', '2021-09-28 02:38:21', '2021-09-28 02:38:21'),
(279, 66, 'Dr. Amy Reichert', 'Voluptatibus dicta sunt sed officiis repellendus sunt. Nobis nulla est rerum dolores voluptas libero aut.', '1', '2021-09-28 02:38:21', '2021-09-28 02:38:21'),
(280, 50, 'Prof. Gerhard Schuppe V', 'Eaque illum quisquam provident enim unde omnis. Mollitia pariatur voluptatibus necessitatibus architecto nostrum dolores. Aliquam ducimus numquam maxime officia. Ullam rerum non voluptatum voluptates.', '2', '2021-09-28 02:38:21', '2021-09-28 02:38:21'),
(281, 68, 'Mrs. Audrey Wunsch', 'Commodi quis dignissimos repudiandae deserunt consequatur molestiae omnis eaque. Quasi eius recusandae et maiores est recusandae numquam quidem. Mollitia omnis error cum. Impedit non eos corrupti.', '2', '2021-09-28 02:38:21', '2021-09-28 02:38:21'),
(282, 23, 'Dr. Marlene Gislason MD', 'Vel quam amet numquam adipisci et. Quaerat quos in quia quisquam mollitia nemo nemo in. Voluptates est quasi accusantium quo aliquam. Voluptas sapiente ea fuga sint ducimus.', '0', '2021-09-28 02:38:21', '2021-09-28 02:38:21'),
(283, 65, 'Andy King V', 'Inventore qui dolorum est ducimus omnis. Quas reprehenderit provident alias ipsam sapiente. Error porro neque facilis ut consequatur dolor exercitationem. Doloribus quae beatae reprehenderit molestias nihil est aut.', '5', '2021-09-28 02:38:21', '2021-09-28 02:38:21'),
(284, 44, 'Loy Fisher', 'Vero eaque dolorem molestias nostrum a quisquam commodi sed. Inventore occaecati dolores sequi voluptatem. Corrupti ducimus accusantium soluta officia tenetur. Temporibus eos error occaecati aliquam tenetur est tenetur.', '4', '2021-09-28 02:38:21', '2021-09-28 02:38:21'),
(285, 79, 'Jess Reinger', 'Blanditiis nobis est quos id esse alias magnam laborum. Quos est porro reiciendis sunt quo quia quos. Quam beatae qui consequuntur quidem voluptas.', '2', '2021-09-28 02:38:21', '2021-09-28 02:38:21'),
(286, 62, 'Mr. Kaden Renner Jr.', 'Et non dicta et vel. Officia id consequatur corporis qui temporibus.', '5', '2021-09-28 02:38:21', '2021-09-28 02:38:21'),
(287, 6, 'Madelynn O\'Conner II', 'Iusto reiciendis quod cum unde. Est officia ducimus autem neque. Quo voluptatibus nam iure adipisci mollitia.', '4', '2021-09-28 02:38:21', '2021-09-28 02:38:21'),
(288, 61, 'Jeffrey Jerde', 'Rerum aut quod laudantium nisi totam architecto adipisci facere. Et nostrum nobis laudantium exercitationem. Aut dolores quo beatae ut aut.', '0', '2021-09-28 02:38:21', '2021-09-28 02:38:21'),
(289, 7, 'Miss Delfina Cassin', 'Iusto ea soluta cumque voluptates. Perferendis magni soluta totam impedit. Nam voluptates quia culpa tempora. Sapiente est qui nesciunt itaque modi.', '1', '2021-09-28 02:38:21', '2021-09-28 02:38:21'),
(290, 94, 'Lawrence Quitzon', 'Iure voluptatem accusantium rerum aperiam aut enim et officia. Qui sunt iusto autem fuga. Temporibus maxime autem quisquam minus voluptatem.', '4', '2021-09-28 02:38:21', '2021-09-28 02:38:21'),
(291, 71, 'Annette Doyle', 'Dolor quia ut neque doloremque illum sunt. Corrupti earum accusamus beatae voluptas magni quas labore. Explicabo repellat sed aut eaque culpa.', '4', '2021-09-28 02:38:21', '2021-09-28 02:38:21'),
(292, 32, 'Jackeline Denesik', 'Modi autem quo unde quia molestiae aliquam veritatis. Quae accusamus id deleniti ratione.', '5', '2021-09-28 02:38:21', '2021-09-28 02:38:21'),
(293, 32, 'Finn Tremblay', 'Soluta veritatis omnis ipsum culpa animi ut tenetur a. Repudiandae excepturi sunt est hic nobis eum. Quas nostrum sit ea quia vel. Sunt ut harum aut est qui porro architecto. Aspernatur magnam reiciendis provident.', '3', '2021-09-28 02:38:22', '2021-09-28 02:38:22'),
(294, 33, 'Mrs. Donna Walter MD', 'Quia aut recusandae ea. Laudantium ea soluta iusto aut commodi consequatur. Necessitatibus saepe atque culpa amet culpa blanditiis enim ad. Ut eum numquam ullam in non. Harum est veniam eum recusandae veniam atque placeat.', '0', '2021-09-28 02:38:22', '2021-09-28 02:38:22'),
(295, 90, 'Dr. Augustine Schimmel', 'Consequatur voluptas debitis doloribus id rerum odio recusandae. Ut quia qui consectetur eveniet at. Voluptatem aliquid architecto facilis maxime. Cupiditate aut quo consequatur nihil sed dolorum nesciunt aut.', '1', '2021-09-28 02:38:22', '2021-09-28 02:38:22'),
(296, 67, 'Concepcion Ullrich', 'Recusandae minus excepturi perspiciatis earum blanditiis est fuga eveniet. Aliquam dignissimos exercitationem rerum ut sit modi delectus at. Pariatur modi debitis error tempora in totam. Et inventore voluptatem architecto in.', '3', '2021-09-28 02:38:22', '2021-09-28 02:38:22'),
(297, 43, 'Prof. Gerardo Beatty', 'Soluta incidunt repellat quas excepturi fugiat id perferendis. Mollitia autem et nisi. In nihil qui nemo debitis. Rem suscipit distinctio repudiandae fugit sunt quo.', '1', '2021-09-28 02:38:22', '2021-09-28 02:38:22'),
(298, 56, 'Ms. Kendra Kertzmann', 'Ipsam odit iusto nihil sed et eum necessitatibus illum. Quia nisi et maiores. Consequatur et aut sapiente qui praesentium nam maiores. Voluptatem eum dolor ad qui eaque aut. Ullam aut soluta porro cumque assumenda.', '0', '2021-09-28 02:38:22', '2021-09-28 02:38:22'),
(299, 35, 'Ruthe Paucek', 'Sed culpa explicabo consequatur ut aut voluptas aut deleniti. Quo labore porro sed ut qui nemo architecto. Consectetur voluptas nihil quam consequatur qui.', '1', '2021-09-28 02:38:22', '2021-09-28 02:38:22'),
(300, 84, 'Marquis Mraz', 'Provident sed rerum eligendi suscipit laudantium molestiae. Quia id id libero qui voluptas aut repellendus. Architecto aspernatur saepe et omnis. Cum dolores vitae ut laborum sint.', '2', '2021-09-28 02:38:22', '2021-09-28 02:38:22'),
(301, 51, 'Deja Koss', 'Asperiores odit animi et dolores consequatur libero ullam fugit. Consequatur quaerat error ut et dicta autem sed. Distinctio hic recusandae nesciunt similique a ad aperiam pariatur. Et earum ducimus doloremque.', '5', '2021-09-28 02:38:22', '2021-09-28 02:38:22'),
(302, 43, 'Justus Langosh', 'Id necessitatibus suscipit tempora molestiae non voluptatum veritatis. Soluta enim ea quia quae et aut corrupti. Quia sed consequatur alias voluptatem cum necessitatibus.', '0', '2021-09-28 02:38:22', '2021-09-28 02:38:22'),
(303, 83, 'Mrs. Eugenia Boyer V', 'Optio totam quisquam dolores voluptas voluptatem vel. Explicabo enim dolorem et aut et. Consectetur et hic et doloribus doloremque nam. Magnam qui est harum voluptatem doloremque expedita earum.', '3', '2021-09-28 02:38:22', '2021-09-28 02:38:22'),
(304, 83, 'Frederique Wiza', 'Ex est asperiores consequatur nisi non suscipit iure. Ad quo placeat omnis consequatur optio accusamus est earum. Laboriosam quis illo dolor qui aut molestiae quibusdam unde.', '0', '2021-09-28 02:38:22', '2021-09-28 02:38:22'),
(305, 60, 'Kaylin Borer', 'Et rem praesentium nam asperiores optio. Consequatur at nihil animi aut hic qui non. Qui ea impedit quia incidunt itaque possimus ipsum. Aperiam ut odio non vitae dolorem nam.', '3', '2021-09-28 02:38:22', '2021-09-28 02:38:22'),
(306, 43, 'Barbara Dickens', 'Et ut dolorem quasi ut alias quas iure. Error iste sint voluptatem rem sit. Aut reiciendis ratione sunt itaque.', '2', '2021-09-28 02:38:22', '2021-09-28 02:38:22'),
(307, 34, 'Alexandrea Murphy', 'Voluptates eius harum recusandae sint assumenda molestias voluptas. Quasi iste perspiciatis odit nihil. Labore minima aspernatur ipsam consequatur odio. Veniam beatae nulla molestiae deserunt enim repudiandae natus.', '0', '2021-09-28 02:38:22', '2021-09-28 02:38:22'),
(308, 32, 'Susie Borer', 'In quam voluptatem incidunt magnam. Corporis consequatur vero ad id placeat. Praesentium porro aut itaque blanditiis voluptas non. Illo quia reiciendis minus necessitatibus aliquid ipsam.', '3', '2021-09-28 02:38:22', '2021-09-28 02:38:22'),
(309, 9, 'Ms. Michelle Hirthe MD', 'Eum sit doloribus aut blanditiis hic rerum velit. Tenetur voluptas delectus consectetur quia incidunt. Ratione vel eum culpa omnis.', '4', '2021-09-28 02:38:23', '2021-09-28 02:38:23'),
(310, 5, 'Robb Raynor III', 'Dolores nihil illum aut pariatur. Et veniam dolorem vel dolorum ut. Dignissimos tempora totam quia aspernatur. Rerum repudiandae dolore earum eius fugiat.', '3', '2021-09-28 02:38:23', '2021-09-28 02:38:23'),
(311, 73, 'Marilou Boyle Jr.', 'Atque ducimus libero ut accusantium rem. Sit molestias quo ut ut eius ipsum. At fuga rerum nam rerum. Et qui odit neque qui autem vel.', '4', '2021-09-28 02:38:23', '2021-09-28 02:38:23'),
(312, 8, 'Prof. Tobin Schmidt', 'Est consequatur aut modi temporibus ex reiciendis earum. Nam non laudantium eos omnis. Repellendus exercitationem ullam et repudiandae at est repudiandae.', '4', '2021-09-28 02:38:23', '2021-09-28 02:38:23'),
(313, 62, 'Prof. Grant Kutch Jr.', 'At numquam necessitatibus dolore et pariatur placeat eaque. Tenetur aperiam vitae atque aut quia iste earum. Velit sed deleniti dolorem fugit aut dolore eaque.', '5', '2021-09-28 02:38:23', '2021-09-28 02:38:23'),
(314, 65, 'Abner Wuckert', 'Consectetur dolorem voluptatem molestiae. Vel hic modi incidunt impedit. Fugiat quia eveniet quis qui vero voluptates id.', '4', '2021-09-28 02:38:23', '2021-09-28 02:38:23'),
(315, 20, 'Corine Pfannerstill IV', 'Quisquam deserunt qui aut magni officia quo voluptatem. Velit accusantium saepe praesentium totam numquam ad enim laborum. Non cum laudantium qui suscipit non. Modi aut vero aperiam aut tempore sunt corporis. Eligendi aut consequatur tenetur est dicta.', '4', '2021-09-28 02:38:23', '2021-09-28 02:38:23'),
(316, 73, 'Dr. Tomas Johnston V', 'Rerum ducimus vitae aut et voluptatibus voluptatem. Saepe qui eligendi libero dolores voluptas quae. In qui exercitationem eaque. Temporibus sit quos ducimus deleniti dolor aspernatur.', '5', '2021-09-28 02:38:23', '2021-09-28 02:38:23'),
(317, 98, 'Ayden Beer', 'Est aliquid ut iste soluta suscipit consequatur animi voluptas. Omnis consequatur vero itaque dolores aliquid numquam. Autem autem qui quia. Quas in doloribus iusto corrupti tempora porro quaerat autem.', '0', '2021-09-28 02:38:23', '2021-09-28 02:38:23'),
(318, 70, 'Fabiola Graham', 'Est modi sed et sunt. Nulla veritatis praesentium qui similique ut quae. Facilis id minus hic eos molestias aut molestias ea. Veritatis vitae nobis accusantium reprehenderit id voluptas.', '4', '2021-09-28 02:38:23', '2021-09-28 02:38:23'),
(319, 14, 'Dr. Everett Kohler', 'Pariatur commodi veniam est sit minus quia dicta nesciunt. Necessitatibus delectus aperiam ad qui at animi eaque. Vel repudiandae magnam id et quia quos qui.', '2', '2021-09-28 02:38:23', '2021-09-28 02:38:23'),
(320, 73, 'Rosemarie Lakin', 'Dolores et doloribus non qui. Sint nulla adipisci sit et necessitatibus. Quia a cum consequatur ut dicta.', '0', '2021-09-28 02:38:23', '2021-09-28 02:38:23'),
(321, 46, 'Ardith Jacobs Sr.', 'Ducimus ut unde corporis est dignissimos. In non dolorum deserunt. Quia reprehenderit doloremque recusandae hic ut non dignissimos saepe. Autem ratione laudantium non ut.', '4', '2021-09-28 02:38:23', '2021-09-28 02:38:23'),
(322, 72, 'Lexus Crooks', 'Deleniti tempore ea repudiandae laboriosam eos aut ut. Incidunt porro quia aliquam dignissimos et voluptas culpa et. Ea ut id aperiam. Commodi natus quia possimus ea ut consequuntur.', '3', '2021-09-28 02:38:23', '2021-09-28 02:38:23'),
(323, 3, 'Lenora Leffler', 'Veniam odit rerum minus consequatur in quia qui. Animi repudiandae et reiciendis alias fugit est. Harum aperiam voluptas aliquid consequuntur.', '4', '2021-09-28 02:38:23', '2021-09-28 02:38:23'),
(324, 2, 'Dr. Cristina Legros III', 'Corporis in et est sequi. Neque ratione ullam est nesciunt. Corrupti vel aut eum fuga dolores nihil.', '1', '2021-09-28 02:38:23', '2021-09-28 02:38:23'),
(325, 86, 'Remington Wiegand', 'Culpa numquam et sapiente. Et ut reiciendis nobis non et blanditiis inventore. Nobis maxime neque eum quam molestias accusantium dignissimos.', '5', '2021-09-28 02:38:23', '2021-09-28 02:38:23'),
(326, 1, 'Orion Eichmann', 'Eveniet velit vero rerum labore voluptates dolorum. Vel autem recusandae ut sit soluta. Ab maxime qui fugiat non consequuntur. Asperiores dicta et cumque voluptatem.', '4', '2021-09-28 02:38:23', '2021-09-28 02:38:23'),
(327, 6, 'Rickey Schuster', 'Natus aliquid atque in dolor. Assumenda magni minima officia similique ut.', '3', '2021-09-28 02:38:24', '2021-09-28 02:38:24'),
(328, 76, 'Stefanie Koelpin', 'Dolorum eaque quod quidem rerum nostrum ea. Earum alias consequatur facilis. Quaerat fuga veniam et rerum totam vel non. Rerum ea id et est sed accusantium quo. Ducimus quam quia placeat veritatis nemo omnis consequatur.', '4', '2021-09-28 02:38:24', '2021-09-28 02:38:24'),
(329, 57, 'Lamar Price', 'Quia enim dicta esse aliquam quis culpa fugit libero. Exercitationem illum reprehenderit nihil voluptatem pariatur. Nulla sint aliquam dolores dolor magnam. Voluptatum provident perferendis nisi unde doloribus sed vel.', '4', '2021-09-28 02:38:24', '2021-09-28 02:38:24'),
(330, 29, 'Geoffrey Mraz V', 'Mollitia et excepturi et ex. Fuga temporibus itaque saepe at ratione quia perspiciatis qui. Sed veniam in et placeat pariatur assumenda. Atque quibusdam sed et aliquid.', '4', '2021-09-28 02:38:24', '2021-09-28 02:38:24'),
(331, 56, 'Dr. Tillman Dibbert MD', 'Eveniet quidem qui officiis voluptatem sit non quia quia. Ipsam iste ullam illo aut quis dolorum. Corporis est perspiciatis ex rerum enim maxime. Sed esse necessitatibus a consequatur. Ex rerum consectetur voluptate consequatur.', '3', '2021-09-28 02:38:24', '2021-09-28 02:38:24'),
(332, 80, 'Mr. Wilford Mosciski', 'Laborum velit quam quia nemo et sit. Autem vitae nihil unde. Voluptatem aut repudiandae saepe ullam.', '5', '2021-09-28 02:38:24', '2021-09-28 02:38:24'),
(333, 56, 'Prof. Ivory Blick', 'Illum laboriosam placeat fuga itaque culpa qui illo. Ipsam omnis quia dicta accusantium quas nostrum. Aliquid alias qui cupiditate in quos sunt ipsam nisi. Qui repellat consequatur voluptate aut.', '0', '2021-09-28 02:38:24', '2021-09-28 02:38:24'),
(334, 68, 'Mrs. Desiree Beahan PhD', 'Ut voluptas reprehenderit cupiditate laudantium odit qui dolorem. Veniam praesentium excepturi dicta. Ipsa dolorum iste dicta sed tempore. Modi consequatur sint impedit aperiam nihil et aut.', '4', '2021-09-28 02:38:24', '2021-09-28 02:38:24'),
(335, 29, 'Fanny Bartell III', 'Impedit et possimus vel officiis culpa voluptatem. Sunt voluptatem quam suscipit et ab iusto. Molestiae minus ut esse qui et sed. Saepe ullam natus sint soluta.', '1', '2021-09-28 02:38:24', '2021-09-28 02:38:24'),
(336, 71, 'Jamil Kovacek', 'Quidem laborum debitis iure dicta. Reprehenderit aliquam quos laboriosam et error sed soluta. Aut similique dolor repellat saepe voluptate sapiente quia. Impedit sed reiciendis recusandae et eligendi eaque.', '0', '2021-09-28 02:38:24', '2021-09-28 02:38:24'),
(337, 42, 'Carolyn Strosin', 'Dolor incidunt alias et omnis sed maxime. Qui velit cum excepturi accusamus sed cum. Non voluptatibus sit asperiores ea et aut quo. Corporis voluptas quod quos velit voluptatem.', '1', '2021-09-28 02:38:24', '2021-09-28 02:38:24'),
(338, 100, 'Alta Langosh', 'Aut cumque ratione et alias sunt. Natus odit est molestiae dignissimos culpa. Sequi ut deleniti molestiae est et illo blanditiis. In est enim omnis eius expedita.', '4', '2021-09-28 02:38:24', '2021-09-28 02:38:24'),
(339, 59, 'Carmela Welch', 'Rerum quia quia sit magnam. Doloremque corporis soluta consequatur quia voluptate exercitationem sequi quo. Nemo optio aliquid explicabo atque. Illum qui illum voluptatibus ut dolor sed.', '3', '2021-09-28 02:38:25', '2021-09-28 02:38:25'),
(340, 80, 'Monty Kiehn', 'Est eum ab doloremque quasi. Temporibus beatae et magnam et sit est in nihil. Inventore ullam omnis est eum et reiciendis. Et placeat temporibus maiores ea.', '2', '2021-09-28 02:38:25', '2021-09-28 02:38:25'),
(341, 80, 'Prof. Zoila Baumbach DDS', 'Qui rem porro modi facilis est expedita. Aliquam labore a accusantium et. Repudiandae dolore enim dolores dolorem. Sequi nisi voluptatibus suscipit laboriosam aliquam quis.', '2', '2021-09-28 02:38:25', '2021-09-28 02:38:25'),
(342, 80, 'Ariel Lynch PhD', 'Iusto facere consequuntur dolores et. Cum quia accusantium ipsam. Id quisquam ratione aut nihil amet quod.', '0', '2021-09-28 02:38:25', '2021-09-28 02:38:25'),
(343, 19, 'Nella Haley', 'Dolor incidunt corrupti tenetur temporibus aut. Odio omnis dolorem voluptatem nihil ex recusandae et. Aut sed minus rerum voluptates eum. Velit voluptate repellendus reiciendis qui vitae consequatur.', '2', '2021-09-28 02:38:25', '2021-09-28 02:38:25'),
(344, 33, 'Ara Krajcik', 'Eaque commodi eum ducimus sunt laborum quia. Et voluptatum qui perspiciatis. Asperiores sequi soluta tempora et sit.', '2', '2021-09-28 02:38:25', '2021-09-28 02:38:25'),
(345, 89, 'Easton Bins', 'Aut at error aut id recusandae nostrum. Aut sequi velit veritatis et reprehenderit vitae. Voluptatem ut placeat nemo dolorem optio et. In voluptatem error in at magnam est. Vel minus est consequuntur similique quidem vel id.', '0', '2021-09-28 02:38:25', '2021-09-28 02:38:25'),
(346, 90, 'Clementina Schinner', 'Dolorem qui beatae consequatur inventore veritatis. Sequi aut qui est fugiat amet voluptas. Incidunt quasi quasi voluptatem qui explicabo beatae eligendi.', '2', '2021-09-28 02:38:25', '2021-09-28 02:38:25'),
(347, 62, 'Coby Terry', 'Vel quasi nulla est facilis alias inventore. Voluptatem itaque voluptatem corporis aut. Doloremque facilis delectus dignissimos occaecati molestiae quod omnis. Aut placeat itaque mollitia excepturi rem. Assumenda autem autem non ullam molestiae quia.', '5', '2021-09-28 02:38:25', '2021-09-28 02:38:25'),
(348, 40, 'Carolyne Blanda', 'Laborum similique minima molestias commodi quia eum. Nihil et et modi minus saepe. Aperiam consequatur quae facere repellendus aut aspernatur distinctio et.', '2', '2021-09-28 02:38:25', '2021-09-28 02:38:25'),
(349, 38, 'Victoria McLaughlin', 'Officiis quisquam dolor earum ut. Minima animi qui nisi magnam enim corporis consectetur. Et aspernatur et asperiores quas.', '5', '2021-09-28 02:38:25', '2021-09-28 02:38:25'),
(350, 73, 'Emelia Funk Jr.', 'Vero ea consectetur qui. Saepe ratione placeat ad cum fugit. Molestiae quisquam vero qui vel in numquam asperiores optio.', '1', '2021-09-28 02:38:25', '2021-09-28 02:38:25'),
(351, 78, 'Mr. Marty Schuppe Jr.', 'Rerum nesciunt ullam facilis doloribus velit est error ad. Mollitia qui commodi optio eos eaque laboriosam consequatur.', '3', '2021-09-28 02:38:25', '2021-09-28 02:38:25'),
(352, 7, 'Gunnar Huel', 'Voluptatem iste sed a minima expedita voluptatem saepe. Vel ullam laborum a neque esse. Qui eligendi recusandae omnis inventore dignissimos eos qui. Temporibus facere corrupti exercitationem et tempora.', '0', '2021-09-28 02:38:25', '2021-09-28 02:38:25'),
(353, 7, 'Mr. Harry Osinski DDS', 'Ad explicabo magni et voluptas. Nihil rem itaque harum illum asperiores deleniti aut. Alias dolorum est mollitia nisi. Quis voluptas velit perspiciatis et accusamus quas.', '5', '2021-09-28 02:38:25', '2021-09-28 02:38:25'),
(354, 13, 'Jackeline Denesik', 'Id velit doloribus enim officiis perferendis quia id. Perferendis eaque consequuntur maxime est sint sequi aspernatur. Et ea nihil quas numquam. Sequi architecto quia dolore deleniti consequuntur.', '4', '2021-09-28 02:38:25', '2021-09-28 02:38:25'),
(355, 68, 'Alvena Davis', 'Dolor est dolorum modi recusandae. Qui est doloremque corporis amet nesciunt qui. Rem et est asperiores voluptates iure.', '3', '2021-09-28 02:38:25', '2021-09-28 02:38:25'),
(356, 77, 'Dr. Garrett Bernhard', 'Dolore aliquid quisquam nemo neque dolores eum nesciunt. Numquam cupiditate beatae dolorem nostrum numquam voluptatum. Autem eos amet fuga et velit dolore consequuntur molestiae.', '0', '2021-09-28 02:38:26', '2021-09-28 02:38:26'),
(357, 64, 'Dr. Jarret Wuckert I', 'Omnis omnis dolorum dolorem earum minus. Quo rerum voluptas possimus. Nisi ut ex ut.', '3', '2021-09-28 02:38:26', '2021-09-28 02:38:26'),
(358, 45, 'Prof. Torey Walter IV', 'Ut maxime repellendus doloribus quis excepturi aperiam deserunt. Mollitia quae maxime qui pariatur corrupti sint voluptatibus cupiditate. Voluptates laudantium magni et veniam est. Doloribus soluta aut doloribus blanditiis quisquam voluptas eum.', '5', '2021-09-28 02:38:26', '2021-09-28 02:38:26'),
(359, 24, 'Ms. Flavie McGlynn', 'Minima dicta eaque laboriosam ad fuga aliquid unde inventore. Non et sapiente soluta possimus ut sunt. At velit sapiente nisi id et. Saepe nihil et et aliquid ex vel. Totam qui omnis consectetur.', '4', '2021-09-28 02:38:26', '2021-09-28 02:38:26'),
(360, 34, 'Miss Ottilie Daugherty V', 'Dicta consequuntur itaque perspiciatis ut est. Et occaecati sint non adipisci quos. In debitis quos aperiam sed explicabo.', '1', '2021-09-28 02:38:26', '2021-09-28 02:38:26'),
(361, 53, 'Andres Considine', 'Commodi doloremque voluptates non omnis nobis officiis qui. Fuga aperiam incidunt recusandae natus quis. Sequi fugiat error exercitationem illum repellat et mollitia.', '1', '2021-09-28 02:38:26', '2021-09-28 02:38:26'),
(362, 26, 'Don Schuppe', 'Corrupti ratione occaecati magni sed voluptate. Cupiditate voluptatibus laboriosam quam laborum.', '0', '2021-09-28 02:38:26', '2021-09-28 02:38:26'),
(363, 14, 'Lorena Stehr', 'Placeat saepe numquam mollitia sit sit. Id atque consectetur exercitationem occaecati aliquam alias. Dicta perspiciatis officia fugit et quas commodi vel. Vel illum eum libero eaque ut deserunt voluptas.', '1', '2021-09-28 02:38:26', '2021-09-28 02:38:26'),
(364, 96, 'Maybell Aufderhar', 'In non est itaque inventore ut. Et maxime iusto iusto. Suscipit porro neque voluptas quidem sit sit.', '4', '2021-09-28 02:38:26', '2021-09-28 02:38:26'),
(365, 35, 'Miss Maggie Fahey Sr.', 'Illum incidunt accusantium doloribus incidunt ad. Porro nisi reprehenderit totam sint. Eos in ut consectetur similique quis et voluptas deserunt.', '3', '2021-09-28 02:38:26', '2021-09-28 02:38:26'),
(366, 14, 'Willa Mertz', 'Velit autem et velit quos quas. Distinctio illo officiis ipsa itaque eveniet. Explicabo sit vero doloribus nihil qui aperiam.', '0', '2021-09-28 02:38:26', '2021-09-28 02:38:26'),
(367, 69, 'Doris Marvin', 'A officiis ad eos earum dolor ratione. Libero quam officiis qui ut qui. Perferendis omnis quaerat nulla eos expedita et.', '2', '2021-09-28 02:38:26', '2021-09-28 02:38:26'),
(368, 98, 'Ms. Jennie Schaden II', 'Cum aut id eos optio. Vel quibusdam velit molestias provident qui quo ut.', '2', '2021-09-28 02:38:26', '2021-09-28 02:38:26'),
(369, 30, 'Callie Rutherford', 'Et distinctio et voluptas qui. Tempora sint reiciendis laborum voluptatem et voluptate. Nobis et at et temporibus distinctio. Possimus vel nulla voluptates error.', '4', '2021-09-28 02:38:26', '2021-09-28 02:38:26'),
(370, 84, 'Nels Schaefer', 'Ut accusantium labore consequatur non quo nihil vel. Aut ipsa tenetur ea nihil sint occaecati necessitatibus. Voluptatibus perferendis alias voluptas eaque cupiditate porro tempora. Laudantium distinctio labore doloremque nesciunt.', '2', '2021-09-28 02:38:26', '2021-09-28 02:38:26'),
(371, 38, 'Maia Kemmer', 'Veritatis nesciunt nobis laborum occaecati. Suscipit magni eaque quia nesciunt ut. Consequatur non omnis saepe ut voluptas et. Autem sunt praesentium quam aperiam debitis et et illum.', '5', '2021-09-28 02:38:26', '2021-09-28 02:38:26'),
(372, 11, 'Nash Legros', 'Libero quia saepe tenetur ab. Consequuntur aliquam aliquam recusandae in quam. Nostrum omnis quia necessitatibus dignissimos distinctio.', '4', '2021-09-28 02:38:26', '2021-09-28 02:38:26'),
(373, 28, 'Damon Bruen', 'Quo ea omnis ex necessitatibus magni. Velit quae excepturi nihil reprehenderit. Rerum et incidunt quia nemo ut. Et esse iusto provident harum.', '0', '2021-09-28 02:38:26', '2021-09-28 02:38:26'),
(374, 2, 'Mr. Jamel Waelchi', 'Aut vel iusto adipisci voluptatum blanditiis tempore consectetur. Qui officiis laborum fugiat provident. Ipsam quia sunt saepe ea.', '4', '2021-09-28 02:38:27', '2021-09-28 02:38:27'),
(375, 52, 'Carole Johns', 'Est ut magni et. Dicta nesciunt quia vel nihil sint est ex. Hic maiores et ipsam nihil modi et voluptates maxime. Nemo est voluptates ut.', '3', '2021-09-28 02:38:27', '2021-09-28 02:38:27'),
(376, 26, 'Tressa Hamill', 'Aut rem et dicta atque. Quisquam pariatur nulla in dolorum voluptatum adipisci. Tempora necessitatibus distinctio consectetur quasi molestiae totam. Qui et id delectus.', '4', '2021-09-28 02:38:27', '2021-09-28 02:38:27'),
(377, 74, 'Mr. Tremaine Dickinson', 'Minima ut quaerat deleniti ut veniam aut. Et quasi odit est accusamus vel sint. Incidunt sint doloremque corporis voluptatem ex. Id architecto odit saepe voluptatibus eos reiciendis cumque quis.', '4', '2021-09-28 02:38:27', '2021-09-28 02:38:27'),
(378, 94, 'Kian Torp II', 'Rerum officiis qui consectetur qui eos ducimus consequatur. Est nobis autem laudantium voluptatibus ut. Tempore minima ea possimus neque omnis aut.', '5', '2021-09-28 02:38:27', '2021-09-28 02:38:27');

-- --------------------------------------------------------

--
-- Table structure for table `users`
--

CREATE TABLE `users` (
  `id` bigint(20) UNSIGNED NOT NULL,
  `name` varchar(255) COLLATE utf8mb4_unicode_ci NOT NULL,
  `email` varchar(255) COLLATE utf8mb4_unicode_ci NOT NULL,
  `email_verified_at` timestamp NULL DEFAULT NULL,
  `password` varchar(255) COLLATE utf8mb4_unicode_ci NOT NULL,
  `remember_token` varchar(100) COLLATE utf8mb4_unicode_ci DEFAULT NULL,
  `created_at` timestamp NULL DEFAULT NULL,
  `updated_at` timestamp NULL DEFAULT NULL
) ENGINE=InnoDB DEFAULT CHARSET=utf8mb4 COLLATE=utf8mb4_unicode_ci;

--
-- Indexes for dumped tables
--

--
-- Indexes for table `failed_jobs`
--
ALTER TABLE `failed_jobs`
  ADD PRIMARY KEY (`id`),
  ADD UNIQUE KEY `failed_jobs_uuid_unique` (`uuid`);

--
-- Indexes for table `migrations`
--
ALTER TABLE `migrations`
  ADD PRIMARY KEY (`id`);

--
-- Indexes for table `password_resets`
--
ALTER TABLE `password_resets`
  ADD KEY `password_resets_email_index` (`email`);

--
-- Indexes for table `personal_access_tokens`
--
ALTER TABLE `personal_access_tokens`
  ADD PRIMARY KEY (`id`),
  ADD UNIQUE KEY `personal_access_tokens_token_unique` (`token`),
  ADD KEY `personal_access_tokens_tokenable_type_tokenable_id_index` (`tokenable_type`,`tokenable_id`);

--
-- Indexes for table `products`
--
ALTER TABLE `products`
  ADD PRIMARY KEY (`id`);

--
-- Indexes for table `reviews`
--
ALTER TABLE `reviews`
  ADD PRIMARY KEY (`id`),
  ADD KEY `reviews_product_id_foreign` (`product_id`);

--
-- Indexes for table `users`
--
ALTER TABLE `users`
  ADD PRIMARY KEY (`id`),
  ADD UNIQUE KEY `users_email_unique` (`email`);

--
-- AUTO_INCREMENT for dumped tables
--

--
-- AUTO_INCREMENT for table `failed_jobs`
--
ALTER TABLE `failed_jobs`
  MODIFY `id` bigint(20) UNSIGNED NOT NULL AUTO_INCREMENT;

--
-- AUTO_INCREMENT for table `migrations`
--
ALTER TABLE `migrations`
  MODIFY `id` int(10) UNSIGNED NOT NULL AUTO_INCREMENT, AUTO_INCREMENT=13;

--
-- AUTO_INCREMENT for table `personal_access_tokens`
--
ALTER TABLE `personal_access_tokens`
  MODIFY `id` bigint(20) UNSIGNED NOT NULL AUTO_INCREMENT;

--
-- AUTO_INCREMENT for table `products`
--
ALTER TABLE `products`
  MODIFY `id` bigint(20) UNSIGNED NOT NULL AUTO_INCREMENT, AUTO_INCREMENT=101;

--
-- AUTO_INCREMENT for table `reviews`
--
ALTER TABLE `reviews`
  MODIFY `id` bigint(20) UNSIGNED NOT NULL AUTO_INCREMENT, AUTO_INCREMENT=379;

--
-- AUTO_INCREMENT for table `users`
--
ALTER TABLE `users`
  MODIFY `id` bigint(20) UNSIGNED NOT NULL AUTO_INCREMENT;

--
-- Constraints for dumped tables
--

--
-- Constraints for table `reviews`
--
ALTER TABLE `reviews`
  ADD CONSTRAINT `reviews_product_id_foreign` FOREIGN KEY (`product_id`) REFERENCES `products` (`id`) ON DELETE CASCADE ON UPDATE CASCADE;
COMMIT;

/*!40101 SET CHARACTER_SET_CLIENT=@OLD_CHARACTER_SET_CLIENT */;
/*!40101 SET CHARACTER_SET_RESULTS=@OLD_CHARACTER_SET_RESULTS */;
/*!40101 SET COLLATION_CONNECTION=@OLD_COLLATION_CONNECTION */;
